Station,Date,Calday,Year,Month,Season,Latitude,Longitude,Zone,Frame,Vis,FOV.Bias,Habitat,Depth,Time.In,Time.Out,Total.bott,Time.secs.,Algae,Pebble,Gravel,Sand,Mud,Seagrass,mean_velocity,dist,site_heterogeneity
SA.C1.040613.1b,04/06/2013,155,2013,June,Early,55.5397,-5.0882,1,1,2,2,Gravel,7.5,09:30,11:00,01:30:00,5400,0,0.05,0.33,0,0,0,0.088632338,361.7064106,2
SA.C1.070613.1,07/06/2013,158,2013,June,Early,55.5327667,-5.113933,1,1,2,2,Gravel,27,13:30,08:55,00:53:00,3180,0,0.08,0.15,0,0,0,0.039620362,572.4305145,2
SA.C1.130813.F1.5,13/08/2013,225,2013,August,Late,55.5367667,-5.089767,1,1,2,2,Sand,18.6,10:48,11:48,01:00:00,3600,0.11,0.07,0.17,0.43,0,0,0.087764733,92.78730929,4
SA.C1.130813.F1.7,13/08/2013,225,2013,August,Late,55.5430833,-5.09775,1,1,2,3,Algae,8.7,12:01,13:03,01:02:00,3720,0.62,0.19,0,0,0,0,0.074612789,175.4885217,2
SA.C1.130813.F3.2,13/08/2013,225,2013,August,Late,55.5443,-5.084167,1,3,2,2,Gravel,12.5,08:28,09:33,01:05:00,3900,0.14,0.13,0.31,0.13,0,0,0.102216527,588.1142444,4
SA.C1.180713.F1.6,18/07/2013,199,2013,July,Early,55.5062833,-5.064833,2,1,2,2,Gravel,11.2,13:09,14:10,01:01:00,3660,0.16,0,0.55,0,0,0,0.10807237,538.5751156,2
SA.C1.180713.F1.8,18/07/2013,199,2013,July,Early,55.5337333,-5.094217,1,1,2,3,Sand,15.5,14:29,15:30,01:01:00,3660,0.05,0,0,0.77,0,0,0.062323559,318.8597493,2
SA.C1.180713.F3.7,18/07/2013,199,2013,July,Early,55.5418,-5.086817,1,3,3,2,Gravel,13.6,13:03,14:38,01:35:00,5700,0.26,0.06,0.46,0,0,0,0.088632338,551.1144241,3
SA.C2.040613.2,04/06/2013,155,2013,June,Early,55.4763,-5.083767,2,1,2,2,Sand,8.3,10:30,15:05,01:27:00,5220,0.12,0,0,0.2,0,0,0.062845051,130.6815239,2
SA.C2.130813.F3.8,13/08/2013,225,2013,August,Late,55.5001,-5.085517,2,3,3,3,Sand,5.5,12:35,13:38,01:03:00,3780,0,0,0.35,0.53,0,0,0.069139525,130.1368294,2
SA.C2.150713.F1.1,15/07/2013,196,2013,July,Early,55.4665,-5.08005,2,1,2,1,Algae,10.3,09:56,10:57,01:01:00,3660,0.46,0,0,0,0,0,0.098826639,14.35279941,1
SA.C2.150713.F1.6,15/07/2013,196,2013,July,Early,55.4721,-5.081617,2,1,3,1,Seagrass,6,14:25,15:27,01:02:00,3720,0,0,0,0.14,0,0.27,0.058231048,186.9711647,2
SA.C2.160713.F1.6,16/07/2013,197,2013,July,Early,55.4900167,-5.090633,2,1,3,2,Seagrass,5,14:38,15:39,01:01:00,3660,0.04,0,0,0.18,0,0.48,0.063252918,153.1466325,3
SA.C2.260813.F3.8,26/08/2013,238,2013,August,Late,55.4700833,-5.080017,2,3,3,3,Seagrass,5.6,13:32,14:37,01:05:00,3900,0,0,0,0.18,0,0.76,0.105447002,179.2164016,2
SA.C3.150713.F1.4,15/07/2013,196,2013,July,Early,55.4200333,-5.118733,3,1,2,2,Algae,17.2,12:42,13:42,01:00:00,3600,0.24,0.19,0.2,0,0,0,0.372430235,413.9154084,3
SA.C3.160713.F1.5,16/07/2013,197,2013,July,Early,55.41405,-5.133717,3,1,2,2,Algae,14.7,13:05,14:08,01:03:00,3780,0.55,0,0.16,0,0,0,0.324568599,1374.864307,2
SA.C3.310713.F2.3,31/07/2013,212,2013,July,Early,55.4140167,-5.131367,3,2,1,2,Algae,13,09:38,11:38,02:00:00,7200,0.76,0,0,0,0,0,0.324568599,1291.202187,1
SA.C3.5.310713.F2.1,31/07/2013,212,2013,July,Early,55.4350667,-5.130917,3,2,1,2,Algae,14.9,08:02,09:02,01:00:00,3600,0.62,0.08,0.05,0.12,0,0,0.150321156,812.8315673,4
SA.C4.180713.F1.5,18/07/2013,199,2013,July,Early,55.4538333,-5.08085,3,1,2,2,Gravel,13.3,11:47,12:49,01:02:00,3720,0.2,0.09,0.63,0,0,0,0.136970058,162.5478912,3
SA.C4.180713.F3.4,18/07/2013,199,2013,July,Early,55.4378,-5.101117,3,3,3,3,Gravel,11.7,11:03,12:31,01:28:00,5280,0.19,0,0.76,0,0,0,0.180886671,392.7352921,2
SA.C4.260813.F1.7,26/08/2013,238,2013,August,Late,55.4483333,-5.0888,3,1,2,2,Algae,11.8,13:23,14:24,01:01:00,3660,0.69,0,0,0,0,0,0.12821573,282.7143781,1
SA.C4.310713.F3.2,31/07/2013,212,2013,July,Early,55.4343833,-5.106167,3,3,1,1,Algae,12,08:04,09:04,01:00:00,3600,0.57,0,0,0,0,0,0.228449851,659.1787748,1
SA.C5.050613.3,05/06/2013,156,2013,June,Early,55.4280167,-5.223817,4,1,2,2,Algae,17,11:30,14:53,00:52:00,3120,0.48,0,0,0,0,0,0.11363104,904.0017994,1
SA.C5.050613.4,05/06/2013,156,2013,June,Early,55.4253,-5.221967,4,1,2,2,Gravel,27,12:30,16:29,01:30:00,5400,0.08,0,0.19,0,0,0,0.128838167,1150.668372,2
SA.C5.120813.F1.1,12/08/2013,224,2013,August,Late,55.4331333,-5.252033,4,1,1,1,Gravel,12,09:06,10:06,01:00:00,3600,0,0,0.49,0,0,0,0.118077055,635.1445939,1
SA.C5.120813.F1.3,12/08/2013,224,2013,August,Late,55.4324,-5.243567,4,1,2,3,Algae,10,10:22,11:25,01:03:00,3780,0.88,0,0,0,0,0,0.116167143,637.9085395,1
SA.C5.150713.F1.3,15/07/2013,196,2013,July,Early,55.4302,-5.217483,4,1,1,1,Algae,12.8,11:12,12:13,01:01:00,3660,0.49,0,0,0,0,0,0.114724062,554.0804564,1
SA.C5.150713.F3.2,15/07/2013,196,2013,July,Early,55.4354167,-5.249533,4,3,1,3,Algae,8.5,10:26,11:28,01:02:00,3720,0.89,0,0,0,0,0,0.120456807,371.1821915,1
SA.C5.150713.F3.5,15/07/2013,196,2013,July,Early,55.4351,-5.275117,4,3,3,2,Gravel,10.7,12:55,14:02,01:07:00,4020,0.23,0,0.57,0,0,0,0.088225015,1333.598462,2
SA.C5.180713.F1.1,18/07/2013,199,2013,July,Early,55.42445,-5.185283,4,1,2,2,Sand,29.1,08:53,09:57,01:04:00,3840,0.02,0.11,0,0.62,0,0,0.184036508,1035.81307,3
SA.C5.180713.F1.3,18/07/2013,199,2013,July,Early,55.4301,-5.185233,4,1,2,2,Algae,9.3,10:08,11:09,01:01:00,3660,0.72,0,0,0,0,0,0.190188378,408.0803997,1
SA.C5.180713.F3.2,18/07/2013,199,2013,July,Early,55.4280167,-5.223917,4,3,3,2,Pebble,19.5,09:16,10:23,01:07:00,4020,0,0.32,0.19,0.12,0,0,0.11363104,906.0817847,3
SA.C5.260813.F3.6,26/08/2013,238,2013,August,Late,55.4309333,-5.23375,4,3,2,3,Algae,11.6,11:49,13:05,01:16:00,4560,0.83,0,0,0,0,0,0.120621808,715.6823817,1
SA.C5.310713.F3.4,31/07/2013,212,2013,July,Early,55.4269833,-5.1916,4,3,3,3,Pebble,18.1,10:05,11:05,01:00:00,3600,0.21,0.29,0.24,0.04,0,0,0.181609407,753.2785936,4
SA.C5.6.120813.F3.2,12/08/2013,224,2013,August,Late,55.4354,-5.274667,4,3,1,3,Algae,14,09:19,10:19,01:00:00,3600,0.87,0,0.04,0,0,0,0.088225015,1290.083309,2
SA.C5.6.250913.F3.3,25/09/2013,268,2013,September,Late,55.4391333,-5.2807,4,3,2,3,Algae,13.8,12:03,13:04,01:01:00,3660,0.81,0.12,0,0,0,0,0.08213082,1174.64197,2
SA.C5.6.260813.F1.5,26/08/2013,238,2013,August,Late,55.4337,-5.260967,4,1,2,1,Algae,11,11:38,12:38,01:00:00,3600,0.3,0,0,0,0,0,0.109577239,846.1458773,1
SA.C6.120813.F1.5,12/08/2013,224,2013,August,Late,55.45035,-5.3108,5,1,2,1,Algae,10,12:02,13:21,01:19:00,4740,0.69,0,0,0,0,0,0.141195342,1188.322496,1
SA.C6.120813.F3.4,12/08/2013,224,2013,August,Late,55.4484,-5.30305,5,3,2,3,Algae,10.4,10:49,12:05,01:16:00,4560,0.93,0,0,0,0,0,0.127134845,981.5918736,1
SA.C6.160713.F3.1,16/07/2013,197,2013,July,Early,55.4480833,-5.303683,5,3,2,2,Algae,9.7,09:28,10:32,01:04:00,3840,0.85,0,0,0,0,0,0.135430083,1034.091646,1
SA.C6.160713.F3.3,16/07/2013,197,2013,July,Early,55.4487,-5.317783,5,3,3,2,Algae,15.4,10:39,12:26,01:47:00,6420,0.59,0,0.24,0,0,0,0.144346431,1563.436317,2
SA.C6.250913.F1.2,25/09/2013,268,2013,September,Late,55.44805,-5.322867,5,1,3,3,Gravel,19.6,10:31,11:38,01:07:00,4020,0,0,0.73,0,0,0,0.143319592,1753.257758,1
SA.C6.250913.F1.3,25/09/2013,268,2013,September,Late,55.44315,-5.3031,5,1,2,3,Algae,13.8,11:52,12:56,01:04:00,3840,0.63,0.22,0.03,0,0,0,0.107138783,1375.941354,3
SA.C6.260813.F1.4,26/08/2013,238,2013,August,Late,55.4451333,-5.326467,5,1,2,3,Algae,16,10:13,11:17,01:04:00,3840,0.77,0.03,0,0.02,0,0,0.138685867,2146.682557,3
SA.C6.7.250913.F3.2,25/09/2013,268,2013,September,Late,55.4699167,-5.32905,5,3,2,3,Algae,11.7,10:21,11:23,01:02:00,3720,0.81,0.12,0,0,0,0,0.149199933,567.0912385,2
SA.C6.7.260813.F3.3,26/08/2013,238,2013,August,Late,55.4694167,-5.329867,5,3,2,3,Algae,12,09:59,11:03,01:04:00,3840,0.82,0,0,0,0,0,0.149199933,630.7015416,1
SA.C7.160713.F1.2,16/07/2013,197,2013,July,Early,55.4954333,-5.348767,5,1,3,3,Gravel,15.4,09:51,10:58,01:07:00,4020,0,0.12,0.76,0,0,0,0.147283375,981.4419722,2
SA.C7.160713.F1.4,16/07/2013,197,2013,July,Early,55.4819167,-5.343067,5,1,3,3,Gravel,14.4,11:09,12:12,01:03:00,3780,0.03,0.12,0.73,0,0,0,0.128730685,1045.96244,3
SA.C7.250913.F1.1,25/09/2013,268,2013,September,Late,55.48185,-5.34295,5,1,3,2,Gravel,14.7,08:53,09:54,01:01:00,3660,0.06,0.15,0.5,0,0,0,0.128730685,1040.462516,3
SA.C7.250913.F3.1,25/09/2013,268,2013,September,Late,55.4962,-5.345833,5,3,2,3,Algae,11.8,09:06,10:07,01:01:00,3660,0.68,0.06,0.1,0,0,0,0.128688142,787.0071946,3
SA.C7.260813.F1.1,26/08/2013,238,2013,August,Late,55.5050333,-5.357783,5,1,2,2,Algae,10.6,08:03,09:33,01:30:00,5400,0.74,0,0,0,0,0,0.203581989,114.7905447,1
SA.C7.260813.F3.2,26/08/2013,238,2013,August,Late,55.4875,-5.33965,5,3,2,3,Algae,12,08:46,09:48,01:02:00,3720,0.82,0,0,0,0,0,0.114943609,701.9456307,1
SA.F1.010714.C3.10,01/07/2014,182,2014,July,Early,55.43171667,-5.097433333,3,1,2,3,Algae,16.6,14:09,15:11,01:02:00,3720,0.58,0,0,0,0,0,0.209127039,1088.378317,1
SA.F1.010714.C3.3,01/07/2014,182,2014,July,Early,55.43226667,-5.156066667,3,1,2,2,Gravel,18.9,10:06,11:28,01:22:00,4920,0.03,0.16,0.28,0,0,0,0.145086855,764.5456597,3
SA.F1.010714.C3.6,01/07/2014,182,2014,July,Early,55.4337,-5.14845,3,1,2,2,Pebble,19.4,11:37,12:32,00:55:00,3300,0,0.27,0.24,0,0,0,0.132639945,902.3956488,2
SA.F1.010714.C3.7,01/07/2014,182,2014,July,Early,55.42545,-5.108966667,3,1,1,2,Sand,29.9,11:37,12:32,00:55:00,3300,0,0.12,0.03,0.42,0,0,0.261959761,330.2368385,3
SA.F1.010814.C1.12,01/08/2014,213,2014,August,Late,55.5368,-5.061616667,1,3,3,3,Algae,29.5,12:45,13:35,00:50,3000,0.82,0,0,0,0,0,0.117025748,826.0486835,1
SA.F1.010814.C1.3,01/08/2014,213,2014,August,Late,55.55123333,-5.079916667,1,1,2,2,Gravel,17.6,08:19,09:25,01:06,3960,0.08,0.24,0.41,0,0,0,0.129333541,97.40976407,3
SA.F1.010814.C1.6,01/08/2014,213,2014,August,Late,55.53823333,-5.0913,1,1,2,3,Gravel,25.9,10:49,11:55,01:06,3960,0.13,0.12,0.41,0.09,0,0,0.087764733,278.344836,4
SA.F1.010814.C1.9,01/08/2014,213,2014,August,Late,55.53956667,-5.078316667,1,1,3,3,Algae,7.4,11:20,12:26,01:06,3960,0.7,0.06,0.08,0,0,0,0.075320467,246.2037315,3
SA.F1.010914.C3.11,01/09/2014,244,2014,September,Late,55.42971667,-5.13575,3,1,2,2,Gravel,20.2,14:23,15:26,01:03,3780,0,0.06,0.55,0,0,0,0.182377562,845.3550389,2
SA.F1.010914.C4.1,01/09/2014,244,2014,September,Late,55.42756667,-5.20395,4,1,2,2,Gravel,17.7,09:56,10:57,01:01,3660,0.07,0.2,0.29,0,0,0,0.140900612,688.3249923,3
SA.F1.010914.C4.6,01/09/2014,244,2014,September,Late,55.4319,-5.1766,4,1,3,3,Algae,12.9,11:29,12:41,01:12,4320,0.8,0,0,0,0,0,0.159782365,267.9437279,1
SA.F1.010914.C4.8,01/09/2014,244,2014,September,Late,55.4198,-5.1856,4,1,1,1,Mud,36.7,12:51,13:53,01:02,3720,0,0,0,0,0.41,0,0.174654141,1552.90287,1
SA.F1.020914.C3.11,02/09/2014,245,2014,September,Late,55.45291667,-5.082766667,3,1,2,3,Sand,11.2,12:22,13:27,01:05,3900,0.19,0,0,0.52,0,0,0.136970058,93.73963237,2
SA.F1.020914.C3.2,02/09/2014,245,2014,September,Late,55.43398333,-5.113333333,3,1,3,3,Algae,6.1,08:13,09:20,01:07,4020,0.58,0,0.18,0,0,0,0.239972621,426.4028278,2
SA.F1.020914.C3.6,02/09/2014,245,2014,September,Late,55.43596667,-5.086566667,3,1,1,1,Sand,35.7,09:42,10:43,01:01,3660,0,0,0,0.37,0,0,0.197566256,1155.00655,1
SA.F1.020914.C3.7,02/09/2014,245,2014,September,Late,55.43925,-5.078416667,3,1,1,1,Mud,47.2,10:54,11:55,01:01,3660,0,0,0,0,0.48,0,0.195190847,1384.055057,1
SA.F1.030714.C1.11,03/07/2014,184,2014,July,Early,55.53695,-5.09775,1,1,1,2,Mud,30.4,12:40,13:46,01:06,3960,0,0,0,0,0.36,0,0.081181459,559.6053218,1
SA.F1.030714.C1.2,03/07/2014,184,2014,July,Early,55.55808333,-5.079016667,1,1,1,2,Mud,34.2,08:29,09:34,01:05:00,3900,0,0,0,0,0.56,0,0.13156572,530.3424997,1
SA.F1.030714.C1.5,03/07/2014,184,2014,July,Early,55.55333333,-5.07745,1,1,1,2,Mud,32.8,09:45,10:45,01:00:00,3600,0,0.09,0,0,0.47,0,0.129333541,303.4830602,2
SA.F1.070714.C1.11,07/07/2014,188,2014,July,Early,55.5303,-5.069116667,1,1,2,2,Pebble,22,14:07,15:08,01:01,3660,0,0.29,0.22,0,0,0,0.113136485,62.04084775,2
SA.F1.070714.C2.2,07/07/2014,188,2014,July,Early,55.48388333,-5.088416667,2,1,2,2,Sand,6.1,09:20,10:40,01:20,4800,0,0,0,0.57,0,0,0.060321964,140.3357858,1
SA.F1.070714.C2.5,07/07/2014,188,2014,July,Early,55.47918333,-5.08435,2,1,2,3,Sand,4.1,10:55,12:00,01:05,3900,0.03,0,0,0.71,0,0,0.083725341,130.1366639,2
SA.F1.070714.C2.8,07/07/2014,188,2014,July,Early,55.50488333,-5.069566667,2,1,1,2,Gravel,19.8,12:29,13:34,01:05,3900,0,0.16,0.42,0,0,0,0.09331046,618.5237392,2
SA.F1.150914.C3.12,15/09/2014,258,2014,September,Late,55.43568333,-5.10775,3,1,3,3,Pebble,10.4,13:59,15:04,01:05,3900,0.26,0.34,0.25,0,0,0,0.185098171,491.342413,3
SA.F1.150914.C3.3,15/09/2014,258,2014,September,Late,55.42665,-5.1058,3,1,1,2,Sand,27.2,09:30,10:39,01:09,4140,0,0.08,0.08,0.42,0,0,0.261959761,534.9244908,3
SA.F1.150914.C4.4,15/09/2014,258,2014,September,Late,55.42741667,-5.125633333,3,1,3,3,Algae,8.3,10:53,12:00,01:07,4020,0.7,0.17,0,0,0,0,0.284051389,163.3916778,2
SA.F1.150914.C4.8,15/09/2014,258,2014,September,Late,55.43465,-5.1439,3,1,2,2,Gravel,15.5,12:21,13:28,01:07,4020,0.04,0.03,0.52,0,0,0,0.140080199,805.9849038,3
SA.F1.160914.C4.1,16/09/2014,259,2014,September,Late,55.42025,-5.225316667,4,1,1,2,Mud,35.2,08:42,09:44,01:02,3720,0,0,0,0,0.53,0,0.131363153,1751.000273,1
SA.F1.160914.C4.12,16/09/2014,259,2014,September,Late,55.44191667,-5.084516667,3,1,1,2,Sand,37.6,13:32,14:33,01:01,3660,0.02,0,0,0.6,0,0,0.188277587,917.236084,2
SA.F1.160914.C4.6,16/09/2014,259,2014,September,Late,55.4195,-5.203,4,1,1,2,Mud,39.9,10:16,11:23,01:07,4020,0,0,0,0,0.58,0,0.151532456,1586.259066,1
SA.F1.160914.C4.7,16/09/2014,259,2014,September,Late,55.41601667,-5.18005,4,1,1,2,Mud,41.3,11:34,12:36,01:02,3720,0,0,0,0,0.54,0,0.179096028,2004.96497,1
SA.F1.170914.C2.12,17/09/2014,260,2014,September,Late,55.50741667,-5.07,2,1,2,2,Sand,31.5,13:09,14:09,01:00,3600,0.04,0.18,0.08,0.28,0,0,0.090877824,414.2455947,4
SA.F1.170914.C2.3,17/09/2014,260,2014,September,Late,55.47201667,-5.0816,2,1,3,3,Seagrass,5.6,08:49,09:59,01:10,4200,0,0,0,0.15,0,0.68,0.058231048,183.3955053,2
SA.F1.170914.C2.7,17/09/2014,260,2014,September,Late,55.48806667,-5.089866667,2,1,3,3,Sand,5.2,11:31,12:38,01:07,4020,0.05,0,0,0.73,0,0.06,0.037896957,166.4484415,3
SA.F1.180914.C1.1,18/09/2014,261,2014,September,Late,55.56518333,-5.083266667,1,1,1,2,Mud,37.2,08:05,09:07,01:02,3720,0,0,0,0,0.5,0,0.119766273,852.9443179,1
SA.F1.180914.C1.10,18/09/2014,261,2014,September,Late,55.53855,-5.0832,1,1,1,1,Mud,46,12:22,13:23,01:01,3660,0,0,0,0,0.44,0,0.086809486,139.5167318,1
SA.F1.180914.C1.5,18/09/2014,261,2014,September,Late,55.54628333,-5.0853,1,1,1,3,Algae,6.1,09:33,10:39,01:06,3960,0.84,0,0,0,0,0,0.091815822,367.34398,1
SA.F1.180914.C1.9,18/09/2014,261,2014,September,Late,55.5401,-5.102533333,1,1,3,3,Pebble,10.2,11:03,12:06,01:03,3780,0.32,0.35,0.04,0,0,0,0.076158598,282.8114289,3
SA.F1.260814.C1.1,26/08/2014,238,2014,August,Late,55.54351667,-5.084633333,1,1,2,2,Gravel,18.7,08:42,09:44,01:02,3720,0.02,0.07,0.49,0.12,0,0,0.091815822,675.30866,4
SA.F1.260814.C1.11,26/08/2014,238,2014,August,Late,55.56268333,-5.094183333,1,1,2,2,Gravel,13.3,13:06,14:07,01:01,3660,0.07,0.14,0.26,0.13,0,0,0.104575753,211.7947304,4
SA.F1.260814.C1.6,26/08/2014,238,2014,August,Late,55.53815,-5.087083333,1,1,2,2,Gravel,21.3,10:13,11:22,01:09,4140,0.04,0.3,0.4,0,0,0,0.095001355,180.5914049,3
SA.F1.260814.C1.7,26/08/2014,238,2014,August,Late,55.54488333,-5.074433333,1,1,1,1,Sand,21,11:35,12:26,00:51,3060,0,0.02,0.15,0.43,0,0,0.115753777,729.1886546,3
SA.F1.270814.C2.12,27/08/2014,239,2014,August,Late,55.5194,-5.05915,1,1,3,2,Pebble,15.6,12:29,13:30,01:01,3660,0.18,0.23,0.23,0,0,0,0.14705193,106.8563485,3
SA.F1.270814.C2.3,27/08/2014,239,2014,August,Late,55.47023333,-5.069783333,2,1,1,1,Mud,29.2,08:00,09:10,01:10,4200,0,0,0.03,0,0.38,0,0.15830569,768.3665376,2
SA.F1.270814.C2.4,27/08/2014,239,2014,August,Late,55.47321667,-5.073233333,2,1,1,1,Mud,30.9,09:15,10:16,01:01,3660,0,0.03,0,0,0.38,0,0.122990653,713.717655,2
SA.F1.270814.C2.8,27/08/2014,239,2014,August,Late,55.5008,-5.081966667,2,1,3,3,Algae,8.4,10:55,12:00,01:05,3900,0.51,0.04,0.14,0,0,0,0.087483756,216.0438093,3
SA.F1.280714.C3.12,28/07/2014,209,2014,July,Early,55.42725,-5.153133333,3,1,1,2,Sand,28.6,14:32,15:36,01:04,3840,0,0.04,0.05,0.42,0,0,0.15519613,1312.350973,3
SA.F1.280714.C4.1,28/07/2014,209,2014,July,Early,55.42908333,-5.1771,4,1,3,2,Gravel,16.6,09:57,10:59,01:02,3720,0,0.18,0.47,0,0,0,0.179690033,558.7190956,2
SA.F1.280714.C4.6,28/07/2014,209,2014,July,Early,55.4263,-5.2224,4,1,2,2,Gravel,26,11:34,12:36,01:02,3720,0,0.12,0.46,0.06,0,0,0.128838167,1054.849822,3
SA.F1.280714.C4.7,28/07/2014,209,2014,July,Early,55.42493333,-5.179583333,4,1,1,1,Sand,29.2,12:56,13:56,01:00,3600,0,0.08,0,0.38,0,0,0.185587838,1012.426153,2
SA.F1.290714.C2.1,29/07/2014,210,2014,July,Early,55.5001,-5.085516667,2,1,2,3,Sand,4.2,08:54,10:01,01:07,4020,0.07,0,0,0.66,0,0,0.069139525,130.1570875,2
SA.F1.290714.C2.10,29/07/2014,210,2014,July,Early,55.50348333,-5.06735,2,1,1,3,Pebble,22.9,13:20,14:23,01:03,3780,0.02,0.36,0,0.29,0,0,0.102144115,796.3569671,3
SA.F1.290714.C2.6,29/07/2014,210,2014,July,Early,55.4721,-5.081616667,2,1,3,3,Sand,5.4,10:34,11:46,01:12,4320,0.05,0,0,0.49,0,0.37,0.058231048,186.9893154,3
SA.F1.290714.C2.7,29/07/2014,210,2014,July,Early,55.50385,-5.0651,2,1,2,2,Gravel,22.5,12:09,13:10,01:01,3660,0.05,0.08,0.28,0,0,0,0.102144115,801.1723735,3
SA.F1.300614.C4.1,30/06/2014,181,2014,June,Early,55.41575,-5.227416667,4,1,1,1,Mud,42,10:43,11:53,01:10:00,4200,0,0,0,0,0.45,0,0.134670824,2268.306606,1
SA.F1.300614.C4.4,30/06/2014,181,2014,June,Early,55.4173,-5.2278,4,1,1,1,Mud,40,12:06,13:08,01:02:00,3720,0,0,0,0,0.29,0,0.134670824,2112.980195,1
SA.F1.310714.C2.11,31/07/2014,212,2014,July,Early,55.4741,-5.080483333,2,1,1,2,Sand,24.6,13:37,14:42,01:05,3900,0.06,0,0,0.55,0,0,0.062845051,303.1473911,2
SA.F1.310714.C3.3,31/07/2014,212,2014,July,Early,55.44411667,-5.08135,3,1,1,2,Mud,42.2,09:27,10:34,01:07,4020,0,0,0,0,0.49,0,0.172684848,927.5371948,1
SA.F1.310714.C3.4,31/07/2014,212,2014,July,Early,55.4503,-5.086283333,3,1,3,2,Algae,10.8,10:44,11:50,01:06,3960,0.45,0,0.15,0,0,0,0.12559998,176.6926532,2
SA.F1.310714.C3.7,31/07/2014,212,2014,July,Early,55.45135,-5.085183333,3,1,2,2,Algae,13.9,11:59,13:05,01:06,3960,0.36,0.05,0.26,0,0,0,0.12559998,111.7812349,3
SA.F2.010714.C3.1,01/07/2014,182,2014,July,Early,55.41806667,-5.146966667,3,2,1,2,Gravel,29.7,09:44,10:48,01:04:00,3840,0.18,0.04,0.19,0.14,0,0,0.210267857,1755.454399,4
SA.F2.010714.C3.12,01/07/2014,182,2014,July,Early,55.44106667,-5.094783333,3,2,2,2,Gravel,17.4,14:44,15:46,01:02:00,3720,0.17,0.08,0.41,0,0,0,0.171923682,385.6555354,3
SA.F2.010714.C3.4,01/07/2014,182,2014,July,Early,55.41801667,-5.155333333,3,2,2,2,Gravel,30,11:02,12:08,01:06:00,3960,0,0.21,0.32,0,0,0,0.191098556,2149.632055,2
SA.F2.010714.C3.9,01/07/2014,182,2014,July,Early,55.43581667,-5.103616667,3,2,3,2,Pebble,13.2,13:06,14:32,01:26:00,5160,0.1,0.34,0.31,0,0,0,0.180886671,522.873541,3
SA.F2.010814.C1.1,01/08/2014,213,2014,August,Late,55.55403333,-5.075283333,1,2,1,1,Mud,42.2,08:09,09:11,01:02,3720,0,0,0,0,0.49,0,0.125315458,459.6253519,1
SA.F2.010814.C1.10,01/08/2014,213,2014,August,Late,55.5361,-5.07335,1,1,1,2,Algae,7.2,12:35,13:46,01:11,4260,0.56,0,0.07,0,0,0,0.098394267,143.5203938,2
SA.F2.010814.C1.4,01/08/2014,213,2014,August,Late,55.54223333,-5.097283333,1,2,1,2,Sand,15.7,09:38,10:42,01:04,3840,0,0.07,0.23,0.42,0,0,0.078168109,263.0811015,3
SA.F2.010814.C1.7,01/08/2014,213,2014,August,Late,55.5434,-5.070633333,1,2,1,1,Mud,33,11:06,12:08,01:02,3720,0,0,0,0,0.43,0,0.117254458,835.3122671,1
SA.F2.010914.C4.10,01/09/2014,244,2014,September,Late,55.4266,-5.1487,3,2,1,3,Sand,29.1,14:17,15:19,01:02,3720,0,0,0.09,0.41,0,0,0.173674613,1546.068867,2
SA.F2.010914.C4.2,01/09/2014,244,2014,September,Late,55.43028333,-5.210616667,4,2,2,3,Algae,11.4,10:01,11:06,01:05,3900,0.81,0,0,0,0,0,0.120441161,435.8016647,1
SA.F2.010914.C4.5,01/09/2014,244,2014,September,Late,55.42875,-5.183466667,4,2,2,3,Algae,16.8,11:25,12:36,01:11,4260,0.26,0.18,0.12,0,0,0,0.184244677,576.3823734,3
SA.F2.010914.C4.9,01/09/2014,244,2014,September,Late,55.41513333,-5.19025,4,2,1,1,Mud,42.2,12:55,14:01,01:06,3960,0,0,0,0,0.45,0,0.171209648,2072.327419,1
SA.F2.020914.C3.12,02/09/2014,245,2014,September,Late,55.45726667,-5.076866667,2,2,3,3,Sand,15.3,12:27,13:32,01:05,3900,0.07,0.21,0.12,0.23,0,0,0.139857739,295.0988204,4
SA.F2.020914.C3.3,02/09/2014,245,2014,September,Late,55.4378,-5.10685,3,2,1,3,Algae,6.2,08:17,09:26,01:09,4140,0.91,0,0,0,0,0,0.185098171,283.3095963,1
SA.F2.020914.C3.4,02/09/2014,245,2014,September,Late,55.43146667,-5.1014,3,2,1,2,Sand,27.4,09:33,10:35,01:02,3720,0,0.08,0.17,0.45,0,0,0.217563003,990.7714304,3
SA.F2.020914.C3.8,02/09/2014,245,2014,September,Late,55.44485,-5.079616667,3,2,1,2,Mud,41.5,10:58,12:02,01:04,3840,0,0,0,0,0.51,0,0.166786596,909.6571699,1
SA.F2.030714.C1.1,03/07/2014,184,2014,July,Early,55.56261667,-5.081383333,1,2,1,2,Mud,38.4,08:22,09:22,01:00:00,3600,0,0,0,0,0.42,0,0.117683679,726.4766584,1
SA.F2.030714.C1.12,03/07/2014,184,2014,July,Early,55.5361,-5.089833333,1,2,2,3,Algae,9.6,12:54,14:00,01:06,3960,0.59,0.06,0.05,0.04,0,0,0.087764733,61.76514413,4
SA.F2.030714.C1.4,03/07/2014,184,2014,July,Early,55.55741667,-5.074066667,1,2,1,2,Mud,35.8,09:31,10:31,01:00:00,3600,0,0,0,0,0.51,0,0.131759435,709.8334596,1
SA.F2.030714.C1.9,03/07/2014,184,2014,July,Early,55.54141667,-5.093366667,1,2,1,2,Mud,24.1,11:26,12:30,01:04,3840,0,0,0,0,0.51,0,0.077774197,442.6257568,1
SA.F2.070714.C1.10,07/07/2014,188,2014,July,Early,55.52496667,-5.060483333,1,2,2,3,Pebble,31.7,13:55,14:57,01:02,3720,0,0.5,0,0.25,0,0,0.110547736,269.0898869,2
SA.F2.070714.C2.1,07/07/2014,188,2014,July,Early,55.4921,-5.087483333,2,2,2,2,Sand,8.7,09:12,10:17,01:05,3900,0.13,0,0,0.66,0,0,0.071171746,317.0503922,2
SA.F2.070714.C2.4,07/07/2014,188,2014,July,Early,55.47591667,-5.0833,2,2,2,3,Sand,4.2,10:34,11:38,01:04,3840,0.03,0,0,0.73,0,0,0.062845051,160.2077442,2
SA.F2.070714.C2.9,07/07/2014,188,2014,July,Early,55.5093,-5.066833333,2,2,2,2,Algae,11.9,12:34,13:39,01:05,3900,0.47,0,0.2,0.02,0,0,0.10807237,186.1410509,3
SA.F2.150914.C3.1,15/09/2014,258,2014,September,Late,55.43225,-5.111933333,3,2,3,3,Algae,9.9,09:21,10:28,01:07,4020,0.51,0.29,0.04,0,0,0,0.239972621,377.15515,3
SA.F2.150914.C3.10,15/09/2014,258,2014,September,Late,55.42583333,-5.099766667,3,2,1,2,Sand,33.8,13:50,14:51,01:01,3660,0.01,0.03,0.08,0.31,0,0,0.241908804,911.508415,4
SA.F2.150914.C4.5,15/09/2014,258,2014,September,Late,55.43161667,-5.12885,3,2,3,3,Algae,12.7,10:57,12:04,01:07,4020,0.64,0.12,0.16,0,0,0,0.137099057,492.1301235,3
SA.F2.150914.C4.9,15/09/2014,258,2014,September,Late,55.429,-5.142033333,3,2,2,2,Sand,22.3,12:28,13:34,01:06,3960,0,0.13,0.03,0.39,0,0,0.17316401,1215.164967,3
SA.F2.160914.C4.10,16/09/2014,259,2014,September,Late,55.44488333,-5.094383333,3,2,3,3,Algae,10.6,13:23,14:26,01:03,3780,0.92,0,0,0,0,0,0.151446834,231.5237348,1
SA.F2.160914.C4.2,16/09/2014,259,2014,September,Late,55.42645,-5.2232,4,2,2,2,Pebble,24.8,08:47,09:51,01:04,3840,0,0.25,0.18,0.21,0,0,0.128838167,1058.877034,3
SA.F2.160914.C4.5,16/09/2014,259,2014,September,Late,55.42511667,-5.1998,4,2,3,3,Pebble,24.1,10:11,11:17,01:06,3960,0,0.5,0.23,0.09,0,0,0.16105631,961.0637191,3
SA.F2.160914.C4.9,16/09/2014,259,2014,September,Late,55.42686667,-5.17995,4,2,3,3,Gravel,23.5,11:43,12:48,01:05,3900,0,0,0.85,0,0,0,0.185587838,797.2215407,1
SA.F2.170914.C2.10,17/09/2014,260,2014,September,Late,55.50441667,-5.078916667,2,2,2,3,Sand,12.8,12:59,13:53,00:54,3240,0.04,0,0.09,0.78,0,0,0.076566949,70.95616681,3
SA.F2.170914.C2.2,17/09/2014,260,2014,September,Late,55.46965,-5.074083333,2,2,1,2,Sand,28.9,08:45,09:50,01:05,3900,0.07,0.06,0,0.59,0,0,0.141162172,497.0497816,3
SA.F2.170914.C2.5,17/09/2014,260,2014,September,Late,55.46873333,-5.07895,2,2,3,3,Seagrass,5.1,09:57,11:02,01:05,3900,0,0,0,0.09,0,0.83,0.105447002,178.9773839,2
SA.F2.170914.C2.9,17/09/2014,260,2014,September,Late,55.49883333,-5.086566667,2,2,3,3,Seagrass,4.9,11:39,12:50,01:11,4260,0.18,0,0,0.22,0,0.63,0.069139525,148.2721824,3
SA.F2.180914.C1.11,18/09/2014,261,2014,September,Late,55.53513333,-5.06155,1,2,2,3,Sand,30.4,12:25,13:29,01:04,3840,0.02,0.05,0,0.75,0,0,0.117025748,738.9543143,3
SA.F2.180914.C1.2,18/09/2014,261,2014,September,Late,55.56195,-5.08825,1,2,1,2,Gravel,21.7,08:09,09:12,01:03,3780,0,0.08,0.52,0,0,0,0.113399222,375.3171143,2
SA.F2.180914.C1.6,18/09/2014,261,2014,September,Late,55.53815,-5.084283333,1,2,3,3,Gravel,10.8,09:39,10:45,01:06,3960,0.15,0.26,0.43,0,0,0,0.086809486,119.0373663,3
SA.F2.180914.C1.7,18/09/2014,261,2014,September,Late,55.53295,-5.090866667,1,2,2,3,Sand,14.6,10:54,11:57,01:03,3780,0.14,0.07,0,0.62,0,0,0.050445613,110.7780314,3
SA.F2.260814.C1.12,26/08/2014,238,2014,August,Late,55.56753333,-5.0982,1,2,2,2,Gravel,25.8,13:12,14:15,01:03,3780,0,0.06,0.39,0.15,0,0,0.08624123,263.7264714,3
SA.F2.260814.C1.2,26/08/2014,238,2014,August,Late,55.54555,-5.0899,1,2,2,3,Algae,15,08:48,09:50,01:02,3720,0.72,0,0,0.15,0,0,0.077716105,303.3709196,2
SA.F2.260814.C1.5,26/08/2014,238,2014,August,Late,55.53473333,-5.0928,1,2,2,3,Gravel,16.6,10:08,11:09,01:01,3660,0.02,0.03,0.37,0.37,0,0,0.086006962,229.3985578,4
SA.F2.260814.C1.8,26/08/2014,238,2014,August,Late,55.54753333,-5.080083333,1,2,3,3,Gravel,10.8,11:40,12:41,01:01,3660,0.39,0.08,0.34,0,0,0,0.123801202,274.4709832,3
SA.F2.270814.C2.1,27/08/2014,239,2014,August,Late,55.46811667,-5.077366667,2,2,3,3,Gravel,6.1,07:52,08:58,01:06,3960,0.18,0.04,0.72,0,0,0,0.098826639,234.7604287,3
SA.F2.270814.C2.11,27/08/2014,239,2014,August,Late,55.51723333,-5.0552,1,2,1,2,Mud,41.4,12:25,13:26,01:01,3660,0,0,0,0,0.51,0,0.159172475,285.5884516,1
SA.F2.270814.C2.6,27/08/2014,239,2014,August,Late,55.47298333,-5.0824,2,2,3,3,Seagrass,4.3,09:24,10:32,01:08,4080,0,0.02,0,0.35,0,0.57,0.062845051,151.7889446,3
SA.F2.270814.C2.7,27/08/2014,239,2014,August,Late,55.49698333,-5.087283333,2,2,3,3,Seagrass,6.6,10:50,11:55,01:05,3900,0.16,0,0,0.27,0,0.49,0.071654357,298.8355351,3
SA.F2.280714.C3.11,28/07/2014,209,2014,July,Early,55.43138333,-5.1479,3,2,2,3,Gravel,21.8,14:27,15:29,01:02,3720,0.14,0.2,0.38,0,0,0,0.132639945,1160.267491,3
SA.F2.280714.C4.2,28/07/2014,209,2014,July,Early,55.4271,-5.187633333,4,2,3,3,Gravel,19.2,10:03,11:06,01:03,3780,0.03,0.19,0.53,0,0,0,0.184036508,740.2642739,3
SA.F2.280714.C4.5,28/07/2014,209,2014,July,Early,55.43031667,-5.22175,4,2,3,3,Algae,11.6,11:28,12:30,01:02,3720,0.89,0,0,0,0,0,0.11363104,620.6535451,1
SA.F2.280714.C4.8,28/07/2014,209,2014,July,Early,55.4273,-5.167466667,4,2,1,2,Sand,31.1,13:04,14:06,01:02,3720,0,0.15,0.08,0.5,0,0,0.163346723,871.5390418,3
SA.F2.290714.C2.11,29/07/2014,210,2014,July,Early,55.5088,-5.070066667,2,2,1,2,Gravel,28.9,13:29,14:29,01:00,3600,0.17,0.14,0.19,0,0,0,0.090877824,272.9773551,3
SA.F2.290714.C2.2,29/07/2014,210,2014,July,Early,55.49551667,-5.08835,2,2,3,3,Sand,5.6,09:00,10:10,01:10,4200,0.07,0.01,0,0.76,0,0,0.071654357,227.1232727,3
SA.F2.290714.C2.5,29/07/2014,210,2014,July,Early,55.47618333,-5.084166667,2,2,3,3,Sand,5.5,10:30,11:39,01:09,4140,0,0,0,0.73,0,0.21,0.062845051,105.4140884,2
SA.F2.290714.C2.8,29/07/2014,210,2014,July,Early,55.50805,-5.066716667,2,2,2,3,Gravel,19.3,12:13,13:23,01:10,4200,0.16,0.19,0.28,0,0,0,0.10807237,325.4662478,3
SA.F2.300614.C4.3,30/06/2014,181,2014,June,Early,55.41761667,-5.2121,4,2,1,2,Mud,40,11:01,12:26,01:25:00,5100,0,0,0,0,0.51,0,0.146916568,1831.904479,1
SA.F2.300614.C4.6,30/06/2014,181,2014,June,Early,55.41493333,-5.201716667,4,2,1,2,Mud,45,12:36,13:28,00:52:00,3120,0,0,0,0,0.54,0,0.152370125,2094.59651,1
SA.F2.310714.C2.10,31/07/2014,212,2014,July,Early,55.46858333,-5.075216667,2,2,1,2,Sand,26.7,13:31,14:34,01:03,3780,0.14,0.04,0.03,0.34,0,0,0.141162172,380.3001744,4
SA.F2.310714.C3.1,31/07/2014,212,2014,July,Early,55.44038333,-5.098683333,3,2,3,3,Gravel,12.4,09:18,10:23,01:05,3900,0.12,0.12,0.54,0,0,0,0.160174444,303.8406883,3
SA.F2.310714.C3.6,31/07/2014,212,2014,July,Early,55.4569,-5.07655,2,2,2,3,Gravel,20.6,10:57,12:13,01:16,4560,0.16,0.08,0.37,0,0,0,0.139857739,326.3658245,3
SA.F2.310714.C3.9,31/07/2014,212,2014,July,Early,55.45906667,-5.073616667,2,2,2,2,Sand,19.3,12:20,13:22,01:02,3720,0.19,0.08,0.12,0.23,0,0,0.16817607,491.6532997,4
SA.F3.010714.C3.11,01/07/2014,182,2014,July,Early,55.43595,-5.09865,3,3,2,3,Gravel,26.4,14:29,15:29,01:00:00,3600,0,0.05,0.57,0,0,0,0.184606224,650.5795154,2
SA.F3.010714.C3.2,01/07/2014,182,2014,July,Early,55.42968333,-5.16765,4,3,2,3,Gravel,22.8,09:58,11:13,01:15:00,4500,0.27,0.1,0.36,0,0,0,0.163346723,637.1342457,3
SA.F3.010714.C3.5,01/07/2014,182,2014,July,Early,55.4336,-5.162283333,3,3,2,3,Gravel,15.3,11:23,12:23,01:00:00,3600,0.14,0.16,0.44,0,0,0,0.146732152,404.0461248,3
SA.F3.010714.C3.8,01/07/2014,182,2014,July,Early,55.42861667,-5.11095,3,3,2,3,Gravel,20.3,12:59,14:15,01:16:00,4560,0,0.16,0.59,0.02,0,0,0.244980887,355.4946799,3
SA.F3.010814.C1.11,01/08/2014,213,2014,August,Late,55.53455,-5.06695,1,2,1,1,Sand,20.9,12:41,13:42,01:01,3660,0.11,0.06,0.16,0.26,0,0,0.115526594,409.9788563,4
SA.F3.010814.C1.2,01/08/2014,213,2014,August,Late,55.54815,-5.0743,1,3,2,3,Sand,21.3,08:13,09:19,01:06,3960,0.03,0.11,0.14,0.36,0,0,0.125932664,499.2614379,4
SA.F3.010814.C1.5,01/08/2014,213,2014,August,Late,55.53496667,-5.096333333,1,3,3,3,Sand,20.8,09:44,10:49,01:05,3900,0.14,0.03,0.16,0.46,0,0,0.086006962,452.4499883,4
SA.F3.010814.C1.8,01/08/2014,213,2014,August,Late,55.5449,-5.079533333,1,3,3,3,Gravel,17.6,11:12,12:14,01:02,3720,0,0.27,0.42,0.11,0,0,0.108203277,553.9236309,3
SA.F3.010914.C4.3,01/09/2014,244,2014,September,Late,55.42636667,-5.213616667,4,3,2,3,Gravel,22.3,10:05,11:11,01:06,3960,0.04,0.17,0.25,0.13,0,0,0.133216754,908.804089,4
SA.F3.010914.C4.4,01/09/2014,244,2014,September,Late,55.42546667,-5.19215,4,3,2,3,Gravel,20.9,11:20,12:24,01:04,3840,0,0.14,0.18,0.04,0,0,0.171700299,922.1016035,3
SA.F3.010914.C4.7,01/09/2014,244,2014,September,Late,55.42308333,-5.193516667,4,3,2,3,Sand,31.8,12:31,13:43,01:12,4320,0,0.06,0.12,0.48,0,0,0.171700299,1187.402937,3
SA.F3.020914.C3.1,02/09/2014,245,2014,September,Late,55.4296,-5.11525,3,3,2,3,Algae,9.1,08:09,09:16,01:07,4020,0.7,0,0.12,0,0,0,0.295121461,107.2150408,2
SA.F3.020914.C3.10,02/09/2014,245,2014,September,Late,55.44851667,-5.08865,3,3,3,3,Algae,10.5,12:17,13:22,01:05,3900,0.86,0,0,0,0,0,0.12821573,273.3743638,1
SA.F3.020914.C3.5,02/09/2014,245,2014,September,Late,55.43421667,-5.095033333,3,3,1,2,Sand,33.7,09:37,10:38,01:01,3660,0,0,0,0.46,0,0,0.200289056,946.3262305,1
SA.F3.020914.C3.9,02/09/2014,245,2014,September,Late,55.4498,-5.076716667,3,3,1,1,Mud,40.7,11:02,12:08,01:06,3960,0,0,0,0,0.45,0,0.169997409,597.0340497,1
SA.F3.030714.C1.10,03/07/2014,184,2014,July,Early,55.5393,-5.087266667,1,3,2,3,Gravel,20.6,12:25,13:30,01:05,3900,0,0.06,0.45,0.25,0,0,0.088632338,304.8573909,3
SA.F3.030714.C1.3,03/07/2014,184,2014,July,Early,55.56026667,-5.073416667,1,3,1,1,Gravel,19.7,08:35,09:52,01:17:00,4620,0,0.06,0.29,0.29,0,0,0.130038425,948.779995,3
SA.F3.030714.C1.6,03/07/2014,184,2014,July,Early,55.55466667,-5.06685,1,3,1,2,Pebble,23,10:00,11:00,01:00:00,3600,0,0.19,0,0,0.18,0,0.134523511,986.3330357,2
SA.F3.030714.C1.7,03/07/2014,184,2014,July,Early,55.54341667,-5.087083333,1,3,1,2,Sand,21.3,11:14,12:17,01:03:00,3780,0,0.14,0.9,0.34,0,0,0.091815822,576.1200612,3
SA.F3.070714.C1.12,07/07/2014,188,2014,July,Early,55.52831667,-5.063233333,1,3,1,1,Mud,44.6,14:11,15:15,01:04,3840,0,0,0,0,0.38,0,0.112112254,271.4981154,1
SA.F3.070714.C2.3,07/07/2014,188,2014,July,Early,55.48803333,-5.0827,2,3,1,1,Mud,26,09:25,10:46,01:21,4860,0,0,0,0,0.47,0,0.075612135,619.4051159,1
SA.F3.070714.C2.6,07/07/2014,188,2014,July,Early,55.47901667,-5.076233333,2,3,1,1,Mud,31,11:00,12:07,01:07,4020,0,0,0,0,0.41,0,0.115335241,642.0813825,1
SA.F3.070714.C2.7,07/07/2014,188,2014,July,Early,55.50026667,-5.075033333,2,3,1,2,Mud,30.6,12:24,13:37,01:13,4380,0,0,0,0,0.47,0,0.093145669,517.0989138,1
SA.F3.150914.C3.11,15/09/2014,258,2014,September,Late,55.4307,-5.104266667,3,3,2,3,Sand,27.6,13:54,14:58,01:04,3840,0,0.12,0.17,0.54,0,0,0.233710572,803.0306377,3
SA.F3.150914.C3.2,15/09/2014,258,2014,September,Late,55.42775,-5.113633333,3,3,3,3,Algae,12.5,09:25,10:35,01:10,4200,0.61,0.03,0.29,0,0,0,0.295121461,171.2004166,3
SA.F3.150914.C4.6,15/09/2014,258,2014,September,Late,55.43583333,-5.127116667,3,3,3,3,Algae,9.6,11:01,12:08,01:07,4020,0.66,0.09,0.28,0,0,0,0.130003721,692.4276339,3
SA.F3.150914.C4.7,15/09/2014,258,2014,September,Late,55.43795,-5.135966667,3,3,3,3,Algae,9.8,12:17,13:20,01:03,3780,0.92,0,0,0,0,0,0.154977456,517.6475905,1
SA.F3.160914.C4.11,16/09/2014,259,2014,September,Late,55.44596667,-5.087316667,3,3,3,3,Gravel,19.9,13:29,14:39,01:10,4200,0,0.07,0.43,0.21,0,0,0.165769681,548.9207307,3
SA.F3.160914.C4.3,16/09/2014,259,2014,September,Late,55.43055,-5.218666667,4,3,2,3,Algae,10.5,08:51,09:55,01:04,3840,0.83,0.08,0,0,0,0,0.114724062,530.7204207,2
SA.F3.160914.C4.4,16/09/2014,259,2014,September,Late,55.42995,-5.199033333,4,3,3,2,Algae,12.1,10:06,11:11,01:05,3900,0.73,0,0.03,0,0,0,0.147913128,423.0519723,2
SA.F3.160914.C4.8,16/09/2014,259,2014,September,Late,55.4214,-5.1796,4,3,1,2,Sand,34.5,11:39,12:43,01:04,3840,0,0.05,0.04,0.41,0,0,0.178383216,1405.7309,3
SA.F3.170914.C2.1,17/09/2014,260,2014,September,Late,55.47453333,-5.069266667,2,3,1,2,Mud,41.1,08:41,09:42,01:01,3660,0,0,0,0,0.47,0,0.136421189,999.7194858,1
SA.F3.170914.C2.11,17/09/2014,260,2014,September,Late,55.50605,-5.064033333,2,3,3,3,Gravel,13,13:05,14:05,01:00,3600,0.19,0.11,0.22,0.16,0,0,0.10807237,577.8097788,4
SA.F3.170914.C2.4,17/09/2014,260,2014,September,Late,55.47255,-5.071583333,2,3,1,2,Mud,32.8,09:49,10:50,01:01,3660,0,0.02,0,0,0.43,0,0.15830569,778.959888,2
SA.F3.170914.C2.8,17/09/2014,260,2014,September,Late,55.49371667,-5.088366667,2,3,3,3,Sand,5.7,11:35,12:45,01:10,4200,0.02,0,0,0.9,0,0,0.071654357,259.5245508,2
SA.F3.180914.C1.12,18/09/2014,261,2014,September,Late,55.53348333,-5.07015,1,3,3,3,Gravel,16.7,12:31,13:34,01:03,3780,0.11,0.21,0.4,0.09,0,0,0.117852338,175.7116699,4
SA.F3.180914.C1.3,18/09/2014,261,2014,September,Late,55.55576667,-5.085466667,1,3,1,2,Gravel,23.2,08:15,09:17,01:02,3720,0,0.07,0.59,0.06,0,0,0.11733532,58.80869712,3
SA.F3.180914.C1.4,18/09/2014,261,2014,September,Late,55.54328333,-5.0814,1,3,3,3,Algae,12.2,09:28,10:32,01:04,3840,0.67,0,0.28,0,0,0,0.102216527,659.2116525,2
SA.F3.180914.C1.8,18/09/2014,261,2014,September,Late,55.53701667,-5.09595,1,3,2,2,Sand,26.2,10:58,12:01,01:03,3780,0,0.04,0.02,0.64,0,0,0.086006962,452.8338533,3
SA.F3.260814.C1.10,26/08/2014,238,2014,August,Late,55.5669,-5.08735,1,3,1,2,Mud,36.7,13:00,14:01,01:01,3660,0,0,0,0,0.55,0,0.114811309,832.2326585,1
SA.F3.260814.C1.3,26/08/2014,238,2014,August,Late,55.54226667,-5.0955,1,3,2,2,Sand,21.1,08:52,09:55,01:03,3780,0,0.06,0.12,0.52,0,0,0.077774197,302.8204387,3
SA.F3.260814.C1.4,26/08/2014,238,2014,August,Late,55.53788333,-5.097833333,1,3,1,2,Mud,30,10:02,11:08,01:06,3960,0,0.02,0,0,0.58,0,0.081181459,598.9324641,2
SA.F3.260814.C1.9,26/08/2014,238,2014,August,Late,55.55128333,-5.073716667,1,3,1,2,Mud,45,11:45,12:48,01:03,3780,0,0,0,0,0.47,0,0.125315458,485.4355824,1
SA.F3.270814.C2.10,27/08/2014,239,2014,August,Late,55.5149,-5.05745,1,3,3,3,Gravel,13,12:21,13:22,01:01,3660,0,0.07,0.73,0,0,0,0.157315239,143.4957846,2
SA.F3.270814.C2.2,27/08/2014,239,2014,August,Late,55.4653,-5.0729,2,3,2,2,Gravel,24.9,07:56,09:05,01:09,4140,0,0,0.42,0.11,0,0,0.154822841,364.4199633,2
SA.F3.270814.C2.5,27/08/2014,239,2014,August,Late,55.47018333,-5.0799,2,3,2,3,Seagrass,4.7,09:20,10:27,01:07,4020,0,0,0,0,0,0.85,0.105447002,191.1666451,1
SA.F3.270814.C2.9,27/08/2014,239,2014,August,Late,55.49865,-5.076866667,2,3,1,2,Mud,30.1,10:59,12:06,01:07,4020,0,0,0,0,0.61,0,0.090003505,573.2353182,1
SA.F3.280714.C3.10,28/07/2014,209,2014,July,Early,55.43511667,-5.155183333,3,3,3,3,Gravel,16.6,14:22,15:24,01:02,3720,0.06,0.24,0.55,0,0,0,0.145086855,567.9457437,3
SA.F3.280714.C3.9,28/07/2014,209,2014,July,Early,55.43316667,-5.163883333,3,3,2,3,Pebble,16.5,13:10,14:13,01:03,3780,0.09,0.44,0.23,0,0,0,0.140704632,406.3243561,3
SA.F3.280714.C4.3,28/07/2014,209,2014,July,Early,55.42913333,-5.19655,4,3,1,1,Algae,14.7,10:09,11:12,01:03,3780,0.39,0,0,0,0,0,0.147913128,513.9617532,1
SA.F3.280714.C4.4,28/07/2014,209,2014,July,Early,55.42978333,-5.2114,4,3,2,3,Algae,15.6,11:22,12:22,01:00,3600,0.81,0,0,0,0,0,0.120441161,504.4546698,1
SA.F3.290714.C2.12,29/07/2014,210,2014,July,Early,55.50981667,-5.061716667,2,3,3,3,Algae,10.6,13:41,14:42,01:01,3660,0.67,0.03,0.13,0,0,0,0.155037791,266.283387,3
SA.F3.290714.C2.3,29/07/2014,210,2014,July,Early,55.49033333,-5.090616667,2,3,3,3,Seagrass,4.3,09:05,10:17,01:12,4320,0.12,0.02,0,0.18,0,0.59,0.063252918,154.1776416,4
SA.F3.290714.C2.4,29/07/2014,210,2014,July,Early,55.48496667,-5.089516667,2,3,2,3,Sand,4.3,10:25,11:31,01:06,3960,0,0,0,0.86,0,0,0.037896957,170.1389404,1
SA.F3.290714.C2.9,29/07/2014,210,2014,July,Early,55.50893333,-5.059016667,2,3,3,3,Gravel,21.4,12:17,13:34,01:17,4620,0.13,0.9,0.53,0,0,0,0.165840626,433.7879529,3
SA.F3.300614.C4.2,30/06/2014,181,2014,June,Early,55.42066667,-5.219533333,4,3,1,2,Mud,34,10:53,12:12,01:19:00,4740,0,0,0,0,0.6,0,0.137034968,1611.671681,1
SA.F3.300614.C4.5,30/06/2014,181,2014,June,Early,55.424,-5.207966667,4,3,1,1,Mud,30.9,12:20,13:20,01:00:00,3600,0,0,0,0,0.54,0,0.141250908,1089.908912,1
SA.F3.310714.C2.12,31/07/2014,212,2014,July,Early,55.47663333,-5.07415,2,3,1,1,Mud,36.3,13:42,14:47,01:05,3900,0,0,0,0,0.54,0,0.122990653,738.6805971,1
SA.F3.310714.C3.2,31/07/2014,212,2014,July,Early,55.44258333,-5.08985,3,3,3,3,Sand,14,09:22,10:29,01:07,4020,0.29,0.13,0.09,0.46,0,0,0.18342267,577.1645285,4
SA.F3.310714.C3.5,31/07/2014,212,2014,July,Early,55.45196667,-5.077666667,3,3,1,2,Sand,31.3,10:50,12:01,01:11,4260,0.02,0.03,0,0.45,0,0,0.161082014,425.299252,3
SA.F3.310714.C3.8,31/07/2014,212,2014,July,Early,55.4538,-5.076066667,2,3,1,2,Mud,34.5,12:09,13:11,01:02,3720,0,0,0,0,0.44,0,0.174498975,450.6167199,1
SA.HI.130813.F1.1,13/08/2013,225,2013,August,Late,55.5122833,-5.057733,1,1,2,2,Sand,14.5,08:01,09:01,01:00:00,3600,0.17,0.17,0.44,0,0,0,0.173762009,236.4633355,3
SA.HI.130813.F1.3,13/08/2013,225,2013,August,Late,55.5179,-5.0594,1,1,0,0,Gravel,6.5,09:26,10:33,01:07:00,4020,0,0.09,0.29,0,0,0,0.157315239,20.33256036,2
SA.HI.310713.F2.6,31/07/2013,212,2013,July,Early,55.5276,-5.066717,1,2,3,3,Sand,12,12:02,13:23,01:21:00,4860,0.07,0,0,0.76,0,0,0.114416383,49.50575203,2
SA.HI.310713.F3.5,31/07/2013,212,2013,July,Early,55.5131,-5.057067,1,3,3,2,Gravel,17,12:01,13:02,01:01:00,3660,0.08,0.27,0.42,0,0,0,0.173762009,227.5317121,3
SA.N.C1.130813.F3.4,13/08/2013,225,2013,August,Late,55.5567833,-5.088033,1,3,3,2,Sand,9.6,09:46,10:55,01:09:00,4140,0.18,0,0.14,0.45,0,0,0.11733532,1.4566616,3
SA.N.C1.130813.F3.6,13/08/2013,225,2013,August,Late,55.5626833,-5.087967,1,3,1,3,Sand,18.8,11:09,12:09,01:00:00,3600,0.28,0.12,0.19,0.29,0,0,0.113399222,448.3060742,4
SA01.040718,04/07/2018,185,2018,July,Early,55.492667,-5.083317,2,3,3,2,Gravel,18.4,08:13,09:15,01:01:41,3701,0.04,0,0.73,0,0,0,0.080928415,580.3405701,2
SA01.120819,12/08/2019,224,2019,August,Late,55.437817,-5.1064,3,3,1,2,Algae,8.71,09:05,10:15,01:07:40,4060,0.9,0,0,0,0,0,0.185098171,289.5489504,1
SA02.040718,04/07/2018,185,2018,July,Early,55.496017,-5.077133,2,2,1,2,Mud,32.2,08:32,09:49,01:11:52,4312,0,0,0.03,0,0.41,0,0.093742609,812.1696326,2
SA02.120819,12/08/2019,224,2019,August,Late,55.43185,-5.10901,3,1,3,2,Gravel,16.5,09:18,10:40,01:20:07,4807,0.07,0.06,0.46,0,0,0,0.228449851,526.9242885,3
SA03.040718,04/07/2018,185,2018,July,Early,55.50115,-5.08095,2,1,2,2,Algae,8.32,08:52,10:19,01:25:37,5137,0.65,0,0.24,0,0,0,0.087483756,206.584179,2
SA03.120819,12/08/2019,224,2019,August,Late,55.421333,-5.111917,3,2,1,2,Gravel,38.1,09:30,11:12,01:39:21,5961,0,0.05,0.34,0,0,0,0.303106129,412.3126051,2
SA04.040718,04/07/2018,185,2018,July,Early,55.508717,-5.060617,2,3,3,2,Gravel,21.1,09:37,10:50,01:10:12,4212,0.4,0.02,0.38,0.1,0,0,0.144244388,405.3151574,4
SA04.120819,12/08/2019,224,2019,August,Late,55.449483,-5.090717,3,3,1,2,Algae,9.37,10:30,11:49,01:16:53,4613,0.89,0,0,0,0,0,0.12821573,106.5131486,1
SA05.040718,04/07/2018,185,2018,July,Early,55.5162,-5.05665,1,2,2,2,Gravel,32.4,10:05,11:18,01:08:48,4128,0.16,0.12,0.48,0.04,0,0,0.157315239,194.0172116,4
SA05.120819,12/08/2019,224,2019,August,Late,55.45115,-5.084467,3,1,3,3,Algae,13.3,10:57,11:59,00:57:02,3422,0.49,0,0.27,0,0,0,0.148621619,144.3421869,2
SA06.040718,04/07/2018,185,2018,July,Early,55.523533,-5.062467,1,1,3,2,Algae,6.53,10:40,11:43,01:00:08,3608,0.67,0,0.21,0,0,0,0.110547736,99.71984241,2
SA06.120819,12/08/2019,224,2019,August,Late,55.455917,-5.076233,2,2,2,2,Mud,32.4,11:42,12:22,00:36:49,2209,0,0,0,0,0.52,0,0.174498975,374.4976096,1
SA07.040718,04/07/2018,185,2018,July,Early,55.528317,-5.0665,1,3,3,2,Gravel,23.6,11:09,11:31,01:19:13,4753,0.13,0.16,0.28,0.18,0,0,0.114416383,98.57097223,4
SA07.130819,13/08/2019,225,2019,August,Late,55.454283,-5.081967,2,2,2,2,Sand,10.7,09:48,10:51,01:02:21,3741,0.16,0,0,0.63,0,0,0.136970058,76.51434342,2
SA08.040718,04/07/2018,185,2018,July,Early,55.5335,-5.067,1,2,2,2,Sand,31.7,11:35,12:41,01:01:36,3696,0.16,0.01,0,0.63,0,0,0.117927253,349.8487343,3
SA08.130819,13/08/2019,225,2019,August,Late,55.457167,-5.076317,2,1,2,2,Sand,22.9,09:56,11:04,01:03:44,3824,0.04,0.06,0.13,0.26,0,0,0.139857739,331.5327889,4
SA09.040718,04/07/2018,185,2018,July,Early,55.536567,-5.0742,1,1,3,2,Algae,6.73,11:56,13:01,01:02:13,3733,0.89,0,0.04,0,0,0,0.098394267,122.4831351,2
SA09.130819,13/08/2019,225,2019,August,Late,55.461117,-5.07175,2,3,1,2,Sand,38.8,10:10,11:20,01:07:32,4052,0,0.04,0,0.47,0,0,0.174417347,570.0696257,2
SA10.050718,05/07/2018,186,2018,July,Early,55.456533,-5.081583,2,1,3,2,Sand,5.9,08:43,09:57,01:05:49,3949,0.33,0,0,0.56,0,0,0.122172326,37.99069272,2
SA10.130819,13/08/2019,225,2019,August,Late,55.462917,-5.077533,2,2,3,2,Sand,9.7,10:59,12:01,00:58:53,3533,0.08,0,0,0.82,0,0,0.102751195,161.1036377,2
SA100.020919,02/09/2019,245,2019,September,Late,55.498933,-5.080783,2,2,3,3,Sand,15.6,14:14,15:22,00:57:53,3473,0.11,0,0.14,0.47,0,0,0.087483756,436.8860389,3
SA100.310718,31/07/2018,212,2018,July,Early,55.534467,-5.091217,1,1,2,2,Sand,17.5,15:00,16:02,01:03:59,3839,0.07,0,0.02,0.69,0,0,0.087764733,129.4670256,3
SA101.020919,02/09/2019,245,2019,September,Late,55.487983,-5.085067,2,3,1,2,Mud,29.9,14:30,15:31,00:58:24,3504,0,0,0,0,0.56,0,0.05939509,469.8037289,1
SA101.310718,31/07/2018,212,2018,July,Early,55.538017,-5.082867,1,3,1,2,Algae,9.13,15:11,16:13,00:58:13,3493,0.92,0,0,0,0,0,0.086809486,76.5927001,1
SA102.030919,03/09/2019,246,2019,September,Late,55.553283,-5.083217,1,2,2,2,Algae,6.73,13:23,14:26,00:59:46,3586,0.82,0,0,0,0,0,0.132320195,0,1
SA102.310718,31/07/2018,212,2018,July,Early,55.53065,-5.107083,1,2,2,2,Mud,32.6,15:34,16:36,00:58:08,3488,0,0,0,0,0.56,0,0.057969015,1051.629677,1
SA103.010818,01/08/2018,213,2018,August,Late,55.48925,-5.07475,2,1,1,2,Mud,35.6,13:37,14:41,01:00:28,3628,0,0,0.01,0,0.54,0,0.095864356,1127.997414,2
SA103.030919,03/09/2019,246,2019,September,Late,55.556167,-5.086733,1,3,3,2,Sand,17,13:23,14:39,01:01:39,3699,0.03,0.07,0.15,0.58,0,0,0.11733532,25.36695802,4
SA104.010818,01/08/2018,213,2018,August,Late,55.479667,-5.084467,2,2,2,2,Sand,19.8,13:49,14:55,01:07:09,4029,0.04,0,0,0.37,0,0,0.083725341,140.914935,2
SA104.030919,03/09/2019,246,2019,September,Late,55.559417,-5.081833,1,1,2,2,Mud,37.9,13:43,14:53,01:07:30,4050,0,0,0,0,0.53,0,0.117683679,481.0228555,1
SA105.010818,01/08/2018,213,2018,August,Late,55.485983,-5.08975,2,3,2,2,Sand,6.61,13:58,15:12,01:19:49,4789,0.03,0.01,0,0.57,0,0,0.037896957,173.831285,3
SA105.030919,03/09/2019,246,2019,September,Late,55.559483,-5.0924,1,2,3,2,Gravel,9.38,14:35,15:39,01:00:38,3638,0.28,0,0.32,0.13,0,0,0.113998808,6.322119797,3
SA106.010818,01/08/2018,213,2018,August,Late,55.49635,-5.076267,2,1,1,2,Mud,32.8,14:49,15:50,00:57:04,3424,0,0.1,0,0,0.33,0,0.093742609,814.3470841,2
SA106.030919,03/09/2019,246,2019,September,Late,55.563767,-5.093683,1,3,2,2,Sand,19.8,14:49,15:55,01:02:19,3739,0,0.15,0.08,0.42,0,0,0.090531193,305.1095143,3
SA107.010818,01/08/2018,213,2018,August,Late,55.496917,-5.081867,2,2,2,2,Sand,17.4,15:14,16:15,00:58:07,3487,0.1,0,0,0.59,0,0,0.084971115,510.3375543,2
SA107.030919,03/09/2019,246,2019,September,Late,55.563417,-5.085,1,1,1,2,Mud,39.7,15:04,16:11,01:03:01,3781,0,0,0,0,0.56,0,0.114811309,633.2699089,1
SA108.010818,01/08/2018,213,2018,August,Late,55.505717,-5.077467,2,3,2,2,Sand,9.6,15:34,16:40,01:03:39,3819,0.2,0,0,0.46,0,0,0.096087515,111.1295219,2
SA108.030919,03/09/2019,246,2019,September,Late,55.568333,-5.102733,1,2,3,2,Sand,7.26,15:49,16:50,00:58:14,3494,0.09,0,0.09,0.53,0,0,0.081345521,90.44826836,3
SA109.010818,01/08/2018,213,2018,August,Late,55.51465,-5.080483,1,1,1,2,Mud,34,16:03,17:05,01:02:04,3724,0.03,0.03,0,0,0.36,0,0.071323298,469.5298494,3
SA109.030919,03/09/2019,246,2019,September,Late,55.5565,-5.087,1,3,2,2,Sand,21.3,16:05,17:06,00:56:54,3414,0,0,0.25,0.43,0,0,0.11733532,31.55279195,2
SA11.050718,05/07/2018,186,2018,July,Early,55.45375,-5.07505,2,3,1,2,Mud,37.9,08:55,10:14,01:14:01,4441,0,0,0,0,0.58,0,0.174498975,514.8391912,1
SA11.130819,13/08/2019,225,2019,August,Late,55.468733,-5.07685,2,1,3,2,Gravel,18.4,11:14,12:20,01:03:31,3811,0.23,0.04,0.59,0,0,0,0.105447002,294.5211495,3
SA110.010818,01/08/2018,213,2018,August,Late,55.51405,-5.093033,1,2,1,2,Sand,20.2,16:32,17:35,00:56:28,3388,0.24,0.01,0,0.43,0,0,0.096233413,119.0645761,3
SA110.030919,03/09/2019,246,2019,September,Late,55.57,-5.089133,1,1,2,2,Mud,40.7,16:21,17:24,00:58:30,3510,0,0,0,0,0.57,0,0.10005568,880.0415034,1
SA111.010818,01/08/2018,213,2018,August,Late,55.519117,-5.10655,1,3,2,2,Sand,9.8,16:57,17:59,00:57:40,3460,0.09,0,0,0.54,0,0,0.07748986,26.91104095,2
SA111.050919,05/09/2019,248,2019,September,Late,55.430767,-5.116667,3,2,3,2,Sand,7.79,08:51,09:52,00:57:59,3479,0.11,0,0,0.6,0,0,0.295121461,42.80881985,2
SA112.020818,02/08/2018,214,2018,August,Late,55.514117,-5.059167,1,3,2,2,Algae,9.76,07:45,08:47,01:00:49,3649,0.52,0,0.25,0,0,0,0.157315239,62.65756626,2
SA112.050919,05/09/2019,248,2019,September,Late,55.426133,-5.113133,3,1,2,2,Gravel,17.1,09:00,10:07,01:03:12,3792,0,0,0.48,0,0,0,0.291238487,67.79025629,1
SA113.020818,02/08/2018,214,2018,August,Late,55.52095,-5.060233,1,1,2,2,Gravel,19,07:54,09:12,01:14:25,4465,0.08,0.01,0.43,0,0,0,0.139541969,111.7244244,3
SA113.050919,05/09/2019,248,2019,September,Late,55.423783,-5.102017,3,3,2,2,Sand,36.5,09:11,10:33,01:16:11,4571,0.02,0.04,0,0.49,0,0,0.251637936,797.9373572,3
SA114.020818,02/08/2018,214,2018,August,Late,55.528917,-5.066483,1,2,1,1,Mud,30.3,08:06,09:43,01:32:25,5545,0.05,0.13,0,0,0.06,0,0.114416383,127.8520501,3
SA114.050919,05/09/2019,248,2019,September,Late,55.43715,-5.105983,3,2,2,2,Gravel,9.38,10:00,11:01,00:57:01,3421,0.09,0,0.54,0,0,0,0.185098171,363.7932607,2
SA115.020818,02/08/2018,214,2018,August,Late,55.510533,-5.077167,1,3,1,3,Algae,5.82,09:03,10:12,01:06:20,3980,0.95,0,0,0,0,0,0.081337847,146.8135981,1
SA115.050919,05/09/2019,248,2019,September,Late,55.438217,-5.0966,3,1,2,2,Pebble,19.7,10:20,11:20,00:56:50,3410,0,0.56,0,0,0,0,0.185833767,576.7927746,1
SA116.020818,02/08/2018,214,2018,August,Late,55.515817,-5.073633,1,1,2,2,Sand,20.2,09:27,10:48,01:15:26,4526,0.14,0.01,0.13,0.44,0,0,0.061164252,71.48396701,4
SA116.050919,05/09/2019,248,2019,September,Late,55.429783,-5.0938,3,3,1,3,Mud,36.3,10:44,11:55,01:07:35,4055,0,0,0,0,0.81,0,0.218576521,1357.150972,1
SA117.020818,02/08/2018,214,2018,August,Late,55.528033,-5.0961,1,2,1,2,Mud,36,09:59,11:07,01:10:01,4201,0,0,0,0,0.39,0,0.06570226,514.138302,1
SA117.050919,05/09/2019,248,2019,September,Late,55.44745,-5.091583,3,2,2,2,Algae,8.85,11:18,12:25,01:05:24,3924,0.77,0,0,0,0,0,0.155973092,245.7555276,1
SA118.020818,02/08/2018,214,2018,August,Late,55.52975,-5.124217,1,3,2,3,Sand,9.82,10:29,11:35,01:03:11,3791,0.37,0,0,0.55,0,0,0.024989098,204.9964917,2
SA118.050919,05/09/2019,248,2019,September,Late,55.450667,-5.0828,3,1,2,2,Sand,19.1,11:31,12:37,01:03:37,3817,0.02,0.06,0.12,0.35,0,0,0.148621619,245.305669,4
SA119.020818,02/08/2018,214,2018,August,Late,55.535767,-5.115383,1,1,2,2,Sand,19.7,11:04,12:10,00:59:53,3593,0.09,0.02,0,0.6,0,0,0.037952416,297.2370373,3
SA119.050919,05/09/2019,248,2019,September,Late,55.4437,-5.0842,3,3,2,2,Mud,35.6,12:10,13:10,00:55:49,3349,0,0,0,0,0.69,0,0.172684848,856.6952446,1
SA12.050718,05/07/2018,186,2018,July,Early,55.459633,-5.072667,2,2,2,2,Gravel,26.2,09:11,10:43,01:24:23,5063,0.14,0.01,0.75,0.02,0,0,0.16817607,551.71128,4
SA12.130819,13/08/2019,225,2019,August,Late,55.475933,-5.07155,2,3,1,2,Mud,39,11:34,12:42,01:01:55,3715,0,0,0,0,0.46,0,0.136421189,880.8543485,1
SA120.020818,02/08/2018,214,2018,August,Late,55.537533,-5.095917,1,2,2,2,Mud,29.6,11:24,12:32,01:04:44,3884,0.1,0,0,0,0.51,0,0.086006962,472.7597727,2
SA120.060919,06/09/2019,249,2019,September,Late,55.51145,-5.067683,1,3,2,3,Gravel,11.5,08:54,09:56,00:58:31,3511,0.09,0.04,0.61,0,0,0,0.108354554,0,3
SA121.020818,02/08/2018,214,2018,August,Late,55.523167,-5.11605,1,3,2,3,Sand,11.6,11:45,12:47,00:58:41,3521,0,0,0.01,0.76,0,0,0.037467536,105.9254738,2
SA121.060919,06/09/2019,249,2019,September,Late,55.514167,-5.073667,1,1,2,2,Sand,17.4,09:02,10:06,01:05:29,3929,0.02,0.04,0.08,0.34,0,0,0.061164252,109.8326656,4
SA122.020818,02/08/2018,214,2018,August,Late,55.536917,-5.105233,1,1,2,3,Sand,20.1,12:15,13:16,00:57:28,3448,0.02,0.03,0.06,0.59,0,0,0.06643977,637.1269574,4
SA122.060919,06/09/2019,249,2019,September,Late,55.516183,-5.08085,1,2,2,2,Mud,36.9,09:10,10:26,01:12:01,4321,0,0,0,0,0.45,0,0.071323298,464.1573172,1
SA123.030818,03/08/2018,215,2018,August,Late,55.415883,-5.120867,3,1,1,3,Gravel,36.9,08:49,09:51,00:58:15,3495,0.17,0,0.38,0,0,0,0.345516056,876.683708,2
SA123.060919,06/09/2019,249,2019,September,Late,55.5111,-5.0828,1,3,3,2,Sand,7.44,10:05,11:06,00:58:16,3496,0.37,0,0,0.57,0,0,0.090073615,48.14517605,2
SA124.030818,03/08/2018,215,2018,August,Late,55.422267,-5.129783,3,2,2,2,Algae,19.3,09:01,10:11,01:07:15,4035,0.44,0.03,0.2,0,0,0,0.338416666,574.1522026,3
SA124.060919,06/09/2019,249,2019,September,Late,55.51375,-5.092833,1,1,2,2,Sand,16.3,10:20,11:42,01:17:44,4664,0,0,0,0.67,0,0,0.089105494,104.4167312,1
SA125.030818,03/08/2018,215,2018,August,Late,55.431367,-5.123183,3,3,2,2,Algae,9.6,09:11,10:25,01:10:49,4249,0.89,0.04,0,0,0,0,0.20685564,213.3278883,2
SA125.060919,06/09/2019,249,2019,September,Late,55.526583,-5.096683,1,2,1,2,Mud,37.2,10:39,11:52,01:14:47,4487,0,0,0,0,0.36,0,0.06570226,582.4986582,1
SA126.030818,03/08/2018,215,2018,August,Late,55.4211,-5.106117,3,1,2,2,Gravel,40.9,10:01,11:03,00:57:03,3423,0.14,0.05,0.34,0.01,0,0,0.284010977,697.6297244,4
SA126.060919,06/09/2019,249,2019,September,Late,55.532217,-5.123383,1,3,3,2,Sand,8.6,11:28,12:29,00:58:56,3536,0,0,0,0.87,0,0,0.02447539,161.8347003,1
SA127.030818,03/08/2018,215,2018,August,Late,55.42605,-5.1316,3,2,2,2,Gravel,18.7,10:20,11:53,01:15:21,4521,0.26,0.19,0.43,0.01,0,0,0.261607409,543.6028179,4
SA127.060919,06/09/2019,249,2019,September,Late,55.5296,-5.090933,1,1,2,2,Sand,17.9,11:54,12:56,01:00:50,3650,0,0,0,0.52,0,0,0.060825553,172.5425142,1
SA128.030818,03/08/2018,215,2018,August,Late,55.434383,-5.125383,3,3,2,2,Gravel,9.76,10:31,11:54,01:19:01,4741,0.06,0,0.45,0.21,0,0,0.20685564,568.6478582,3
SA128.060919,06/09/2019,249,2019,September,Late,55.527067,-5.109883,1,2,2,2,Mud,37.8,12:06,13:07,00:57:39,3459,0,0,0,0,0.42,0,0.050316323,673.4345759,1
SA129.030818,03/08/2018,215,2018,August,Late,55.428017,-5.0932,3,1,2,2,Mud,42.7,11:18,12:38,01:12:46,4366,0.02,0,0,0,0.53,0,0.218576521,1346.538973,2
SA13.050718,05/07/2018,186,2018,July,Early,55.466567,-5.076683,2,1,3,2,Algae,7.79,10:05,11:06,00:58:41,3521,0.52,0.02,0.04,0.18,0,0,0.098826639,202.7043592,4
SA13.130819,13/08/2019,225,2019,August,Late,55.477083,-5.084,2,2,3,2,Sand,8.85,12:15,13:18,01:00:28,3628,0,0,0,0.79,0,0,0.083725341,115.9485267,1
SA130.030818,03/08/2018,215,2018,August,Late,55.43155,-5.140383,3,2,2,2,Algae,17.4,11:46,12:58,01:07:05,4025,0.61,0.03,0.18,0.02,0,0,0.163253009,1172.279221,4
SA131.030818,03/08/2018,215,2018,August,Late,55.43545,-5.110567,3,3,2,2,Gravel,8.42,12:02,13:08,01:03:50,3830,0.1,0,0.73,0,0,0,0.176431626,462.956662,2
SA132.040818,04/08/2018,216,2018,August,Late,55.431383,-5.212967,4,3,2,1,Algae,10.2,09:43,10:46,01:01:31,3691,0.52,0,0,0,0,0,0.068936959,357.2947201,1
SA133.040818,04/08/2018,216,2018,August,Late,55.427317,-5.204267,4,1,2,1,Algae,18.8,09:55,11:06,01:06:20,3980,0.32,0.27,0.28,0.01,0,0,0.128178462,716.1143536,4
SA134.040818,04/08/2018,216,2018,August,Late,55.42295,-5.1973,4,2,1,2,Sand,29.2,10:03,11:19,01:12:28,4348,0.07,0,0,0.58,0,0,0.15926595,1202.247712,2
SA135.040818,04/08/2018,216,2018,August,Late,55.430267,-5.19625,4,3,2,2,Algae,9.6,10:56,11:57,00:57:15,3435,0.85,0,0,0,0,0,0.147913128,387.7692882,1
SA136.040818,04/08/2018,216,2018,August,Late,55.427617,-5.183483,4,1,2,2,Gravel,19.1,11:12,12:12,00:56:40,3400,0.06,0.02,0.63,0,0,0,0.184244677,698.7158814,3
SA137.040818,04/08/2018,216,2018,August,Late,55.422217,-5.177367,4,2,1,2,Sand,33.3,11:29,12:36,00:57:54,3474,0.06,0,0.11,0.75,0,0,0.181560561,1317.14041,3
SA138.040818,04/08/2018,216,2018,August,Late,55.432317,-5.175283,4,3,2,1,Algae,10.7,12:05,13:07,00:58:14,3494,0.56,0,0,0,0,0,0.154614538,221.5260098,1
SA139.040818,04/08/2018,216,2018,August,Late,55.431683,-5.163117,3,1,2,2,Pebble,17.8,12:21,13:23,00:59:33,3573,0.02,0.08,0.41,0,0,0,0.140704632,577.6457702,3
SA14.050718,05/07/2018,186,2018,July,Early,55.471533,-5.070733,2,3,2,2,Mud,37.9,10:31,11:35,00:58:48,3528,0.02,0,0,0,0.49,0,0.15830569,773.5653086,2
SA14.130819,13/08/2019,225,2019,August,Late,55.483167,-5.08665,2,1,2,2,Sand,20.4,12:33,13:35,01:05:55,3955,0.05,0,0,0.36,0,0,0.060321964,202.8842822,2
SA140.040818,04/08/2018,216,2018,August,Late,55.4247,-5.152433,3,2,2,2,Sand,28.7,12:50,13:53,01:01:33,3693,0.13,0.01,0.04,0.45,0,0,0.173565671,1573.793371,4
SA15.050718,05/07/2018,186,2018,July,Early,55.478933,-5.078933,2,2,2,2,Sand,25.2,10:58,12:08,01:07:05,4025,0,0,0,0.66,0,0,0.105386876,471.4160129,1
SA15.130819,13/08/2019,225,2019,August,Late,55.491183,-5.074617,2,3,2,2,Mud,34.2,12:52,13:52,00:55:12,3312,0,0,0,0,0.39,0,0.095864356,1132.302713,1
SA16.050718,05/07/2018,186,2018,July,Early,55.48785,-5.089333,2,1,2,2,Sand,6.53,11:22,13:09,01:45:09,6309,0.21,0,0,0.65,0,0,0.037896957,200.1790008,2
SA16.140819,14/08/2019,226,2019,August,Late,55.542567,-5.076083,1,2,2,2,Mud,30.1,10:05,11:10,01:02:25,3745,0,0,0,0,0.36,0,0.091178007,601.0425359,1
SA17.050718,05/07/2018,186,2018,July,Early,55.504417,-5.071117,2,3,3,2,Sand,32.6,11:54,13:24,01:26:14,5174,0.06,0,0,0.6,0,0,0.09331046,537.2707819,2
SA17.140819,14/08/2019,226,2019,August,Late,55.534533,-5.070767,1,3,2,2,Pebble,13.8,10:23,11:30,01:05:54,3954,0.04,0.28,0.17,0,0,0,0.115895152,199.6310626,3
SA18.050718,05/07/2018,186,2018,July,Early,55.509,-5.0752,2,2,3,2,Sand,26,12:33,13:34,00:58:32,3512,0.04,0.04,0.02,0.5,0,0,0.092512764,215.4647586,4
SA18.140819,14/08/2019,226,2019,August,Late,55.523567,-5.06235,1,1,2,2,Algae,8.85,10:37,11:42,01:11:08,4268,0.31,0.04,0.17,0,0,0,0.110547736,107.7047292,3
SA19.060718,06/07/2018,187,2018,July,Early,55.422183,-5.16525,3,2,1,2,Mud,34.7,09:47,10:55,01:01:14,3674,0.01,0,0.03,0,0.51,0,0.165038526,1449.613743,3
SA19.140819,14/08/2019,226,2019,August,Late,55.52895,-5.066683,1,2,2,2,Mud,31.5,11:26,12:29,00:56:51,3411,0,0.05,0.6,0,0.24,0,0.114416383,120.8306247,3
SA195.290818,29/08/2018,241,2018,August,Late,55.446233,-5.09285,3,1,2,2,Algae,11.3,12:49,13:48,00:57:44,3464,0.96,0,0,0,0,0,0.151446834,243.0489013,1
SA196.290818,29/08/2018,241,2018,August,Late,55.4418,-5.0895,3,2,1,2,Gravel,27.6,12:55,14:05,01:03:24,3804,0.05,0.04,0.6,0,0,0,0.18342267,627.5301918,3
SA197.290818,29/08/2018,241,2018,August,Late,55.442217,-5.082833,3,3,1,2,Mud,41.5,13:03,14:21,01:14:17,4457,0,0,0,0,0.4,0,0.185881302,1007.163523,1
SA198.290818,29/08/2018,241,2018,August,Late,55.452117,-5.084817,3,1,3,2,Algae,11.1,13:54,14:55,00:58:46,3526,0.66,0.09,0.05,0,0,0,0.122328192,39.93368612,3
SA199.290818,29/08/2018,241,2018,August,Late,55.454567,-5.077533,2,2,2,2,Sand,24.9,14:12,15:15,01:00:31,3631,0.13,0.08,0.25,0.27,0,0,0.161082014,338.3956712,4
SA20.060718,06/07/2018,187,2018,July,Early,55.43015,-5.16545,4,3,2,3,Gravel,23.7,10:03,11:23,01:17:01,4621,0.05,0.03,0.63,0,0,0,0.157659143,666.2198889,3
SA20.140819,14/08/2019,226,2019,August,Late,55.5165,-5.058267,1,3,2,2,Algae,14.4,11:45,12:56,01:08:26,4106,0.31,0.03,0.18,0,0,0,0.157315239,91.89043422,3
SA200.290818,29/08/2018,241,2018,August,Late,55.45795,-5.07295,2,3,1,2,Mud,45.9,14:35,15:35,00:57:53,3473,0.09,0,0,0,0.32,0,0.16817607,533.834794,2
SA201.290818,29/08/2018,241,2018,August,Late,55.4614,-5.077483,2,1,3,2,Algae,11.7,15:06,16:06,00:55:34,3334,0.41,0.32,0.06,0,0,0,0.102751195,247.09514,3
SA202.290818,29/08/2018,241,2018,August,Late,55.467983,-5.075233,2,2,2,2,Sand,23.2,15:26,16:26,00:47:09,2829,0.19,0,0.27,0.32,0,0,0.154822841,357.824314,3
SA203.290818,29/08/2018,241,2018,August,Late,55.469983,-5.068083,2,3,1,2,Sand,39.2,15:45,16:25,00:33:12,1992,0.09,0,0,0.52,0,0,0.15830569,857.4156645,2
SA204.300818,30/08/2018,242,2018,August,Late,55.500583,-5.350483,5,1,1,2,Algae,9.13,08:45,09:48,01:00:48,3648,0.6,0,0,0,0,0,0.126594722,483.2973574,1
SA205.300818,30/08/2018,242,2018,August,Late,55.495467,-5.356317,5,3,1,2,Algae,18,08:55,10:05,01:08:02,4082,0.4,0.11,0.07,0,0,0,0.1698239,1138.603321,3
SA206.300818,30/08/2018,242,2018,August,Late,55.488217,-5.363783,5,2,1,2,Sand,25.3,09:03,10:15,01:13:38,4418,0.04,0,0.06,0.43,0,0,0.17300424,2000.965557,3
SA207.300818,30/08/2018,242,2018,August,Late,55.492467,-5.337,5,1,3,2,Gravel,9.52,09:57,10:59,00:57:11,3431,0.29,0,0.53,0,0,0,0.108015515,545.157863,2
SA208.300818,30/08/2018,242,2018,August,Late,55.488083,-5.349067,5,3,1,2,Algae,18.9,10:12,11:15,01:02:06,3726,0.24,0.14,0.23,0,0,0,0.142387971,1268.875802,3
SA209.300818,30/08/2018,242,2018,August,Late,55.4805,-5.356717,5,2,1,2,Sand,29.6,10:27,11:34,00:59:48,3588,0,0,0,0.49,0,0,0.154575452,1922.671263,1
SA21.060718,06/07/2018,187,2018,July,Early,55.43605,-5.163833,3,1,2,1,Algae,8.34,10:14,11:31,01:22:40,4960,0.7,0,0.04,0,0,0,0.115996577,124.2537818,2
SA21.140819,14/08/2019,226,2019,August,Late,55.5112,-5.06415,1,1,2,2,Algae,9.21,12:02,13:22,01:18:19,4699,0.79,0.11,0,0,0,0,0.108354554,67.51677753,2
SA210.300818,30/08/2018,242,2018,August,Late,55.479633,-5.33295,5,1,3,2,Algae,10.6,11:10,12:12,00:59:43,3583,0.54,0.08,0.07,0,0,0,0.15457508,484.5824643,3
SA211.300818,30/08/2018,242,2018,August,Late,55.474483,-5.346917,5,3,2,2,Pebble,19.5,11:28,12:30,00:58:36,3516,0.06,0.17,0.11,0.18,0,0,0.160322472,1496.486082,4
SA212.300818,30/08/2018,242,2018,August,Late,55.463883,-5.3456,5,2,1,2,Pebble,27.6,11:48,12:52,00:58:09,3489,0.06,0.22,0.22,0,0,0,0.153066397,1777.336685,3
SA213.310818,31/08/2018,243,2018,August,Late,55.433133,-5.24755,4,1,2,2,Algae,9.44,08:42,09:43,00:58:14,3494,0.86,0,0,0,0,0,0.120456807,598.9096575,1
SA214.310818,31/08/2018,243,2018,August,Late,55.427317,-5.24355,4,2,2,3,Algae,15.7,08:50,09:55,01:03:46,3826,0.94,0,0,0,0,0,0.131153464,1192.26885,1
SA215.310818,31/08/2018,243,2018,August,Late,55.420767,-5.23815,4,3,3,2,Mud,31.7,08:58,10:15,01:14:49,4489,0,0,0,0,0.42,0,0.13361752,1860.026696,1
SA216.310818,31/08/2018,243,2018,August,Late,55.431567,-5.2365,4,1,3,3,Algae,11.2,09:50,10:53,00:56:32,3392,0.92,0,0,0,0,0,0.088912278,654.8700316,1
SA217.310818,31/08/2018,243,2018,August,Late,55.42855,-5.221133,4,2,2,3,Algae,17.5,10:07,11:15,01:00:56,3656,0.67,0.15,0.03,0,0,0,0.11363104,792.4743609,3
SA218.310818,31/08/2018,243,2018,August,Late,55.424167,-5.2162,4,3,1,2,Sand,28.9,10:26,11:32,01:02:05,3725,0,0,0,0.72,0,0,0.133216754,1182.736667,1
SA219.310818,31/08/2018,243,2018,August,Late,55.430133,-5.203817,4,1,2,3,Algae,11,11:03,12:05,00:59:30,3570,0.93,0,0,0,0,0,0.140900612,402.6589103,1
SA22.060718,06/07/2018,187,2018,July,Early,55.41605,-5.16375,3,2,2,2,Gravel,37.4,11:12,12:17,01:01:58,3718,0.11,0.05,0.49,0,0,0,0.185664088,2125.944685,3
SA22.140819,14/08/2019,226,2019,August,Late,55.51465,-5.0794,1,2,1,1,Mud,36,12:46,13:47,00:57:00,3420,0,0,0,0,0.29,0,0.055637661,443.9751462,1
SA220.310818,31/08/2018,243,2018,August,Late,55.42785,-5.189133,4,2,2,2,Algae,16.3,11:22,12:25,00:59:32,3572,0.73,0,0,0,0,0,0.176577583,656.7902684,1
SA221.310818,31/08/2018,243,2018,August,Late,55.425783,-5.175617,4,3,2,2,Sand,30.5,11:46,12:47,00:58:21,3501,0.05,0,0.03,0.51,0,0,0.186076894,937.2019425,3
SA222.010918,01/09/2018,244,2018,September,Late,55.437767,-5.127967,3,1,2,2,Algae,8.74,08:39,09:41,00:59:30,3570,0.91,0,0,0,0,0,0.130003721,511.2513827,1
SA223.010918,01/09/2018,244,2018,September,Late,55.433367,-5.133917,3,2,2,2,Algae,15.3,08:47,09:55,01:06:36,3996,0.71,0.23,0.03,0,0,0,0.150321156,866.8796433,3
SA224.010918,01/09/2018,244,2018,September,Late,55.427667,-5.14235,3,3,2,2,Sand,24.6,08:55,10:10,01:13:11,4391,0.08,0.1,0.08,0.28,0,0,0.158308685,1221.925456,4
SA225.010918,01/09/2018,244,2018,September,Late,55.42995,-5.122267,3,1,2,2,Algae,8.5,09:50,10:51,00:57:35,3455,0.91,0,0,0,0,0,0.284051389,45.50654962,1
SA226.010918,01/09/2018,244,2018,September,Late,55.42565,-5.129333,3,2,3,2,Algae,16,10:05,11:12,01:03:41,3821,0.64,0.16,0.12,0.04,0,0,0.313166976,409.3408571,4
SA227.010918,01/09/2018,244,2018,September,Late,55.4234,-5.1442,3,3,2,2,Sand,23.7,10:21,11:31,01:07:53,4073,0.02,0.02,0.09,0.41,0,0,0.190685764,1383.208642,4
SA228.010918,01/09/2018,244,2018,September,Late,55.434883,-5.111133,3,1,3,2,Gravel,7.95,11:00,12:08,01:04:48,3888,0.29,0.03,0.53,0,0,0,0.239972621,523.3932826,3
SA229.010918,01/09/2018,244,2018,September,Late,55.4246,-5.114183,3,2,3,2,Algae,14.7,11:20,12:20,00:57:02,3422,0.6,0.12,0.24,0,0,0,0.341585398,69.14743012,3
SA23.060718,06/07/2018,187,2018,July,Early,55.428867,-5.151533,3,3,3,2,Gravel,24.6,11:32,12:37,01:01:57,3717,0.03,0,0.63,0,0,0,0.15519613,1238.328443,2
SA23.140819,14/08/2019,226,2019,August,Late,55.522283,-5.079667,1,3,3,2,Sand,17.7,13:13,14:16,01:01:29,3689,0.11,0,0.06,0.37,0,0,0.104323097,32.77524369,3
SA230.010918,01/09/2018,244,2018,September,Late,55.428533,-5.105,3,3,2,2,Mud,27.6,11:46,12:50,00:58:26,3506,0.03,0,0.13,0,0.32,0,0.233710572,646.4509501,3
SA24.060718,06/07/2018,187,2018,July,Early,55.4376,-5.153783,3,1,1,2,Algae,9.52,11:47,11:55,01:07:51,4071,0.8,0,0,0,0,0,0.116647989,468.2797969,1
SA24.140819,14/08/2019,226,2019,August,Late,55.51105,-5.078883,1,1,3,2,Sand,8.14,13:32,14:34,00:57:41,3461,0.12,0,0,0.72,0,0,0.081337847,114.4268204,2
SA25.060718,06/07/2018,187,2018,July,Early,55.4164,-5.139417,3,2,2,3,Gravel,32.2,12:28,13:30,00:41:02,2462,0.04,0.13,0.46,0,0,0,0.259014904,1441.240213,3
SA25.150819,15/08/2019,227,2019,August,Late,55.4887,-5.055183,2,3,3,2,Sand,10.5,10:52,11:54,00:57:26,3446,0.15,0,0,0.61,0,0,0.118661426,2247.322906,2
SA26.060718,06/07/2018,187,2018,July,Early,55.427683,-5.137717,3,3,3,2,Gravel,22.5,12:49,13:58,01:04:49,3889,0.04,0,0.78,0,0,0,0.182377562,928.8700396,2
SA26.150819,15/08/2019,227,2019,August,Late,55.483383,-5.086583,2,1,2,2,Sand,20.9,11:01,12:10,01:05:15,3915,0.07,0,0,0.36,0,0,0.060321964,215.0051986,2
SA27.060718,06/07/2018,187,2018,July,Early,55.4379,-5.143017,3,1,2,2,Algae,9.21,13:08,14:13,00:59:14,3554,0.91,0,0,0,0,0,0.111964069,465.4506902,1
SA27.150819,15/08/2019,227,2019,August,Late,55.48385,-5.075333,2,2,1,1,Mud,36.9,11:10,12:27,01:18:21,4701,0,0,0,0,0.37,0,0.106847242,881.3492918,1
SA28.070718,07/07/2018,188,2018,July,Early,55.42775,-5.254117,4,3,2,2,Gravel,23.4,10:35,11:36,00:58:56,3536,0.07,0.01,0.66,0,0,0,0.11136426,1248.47087,3
SA28.150819,15/08/2019,227,2019,August,Late,55.494717,-5.086483,2,3,3,2,Sand,10.3,12:02,13:06,00:58:41,3521,0.3,0,0,0.41,0,0,0.071654357,345.4828978,2
SA29.070718,07/07/2018,188,2018,July,Early,55.419517,-5.264367,4,2,1,2,Mud,32.2,10:49,11:56,01:05:37,3937,0,0,0,0,0.59,0,0.105791532,2319.368212,1
SA29.150819,15/08/2019,227,2019,August,Late,55.4974,-5.08125,2,1,2,2,Sand,21.3,12:23,13:24,00:56:47,3407,0.02,0,0,0.53,0,0,0.087483756,509.9883537,2
SA30.070718,07/07/2018,188,2018,July,Early,55.435067,-5.25865,4,1,1,3,Algae,9.03,11:00,12:16,01:13:00,4380,0.96,0,0,0,0,0,0.109577239,635.743343,1
SA30.150819,15/08/2019,227,2019,August,Late,55.49855,-5.068617,2,2,1,2,Mud,34.5,12:45,13:48,00:58:46,3526,0,0,0,0,0.35,0,0.096255839,958.3214016,1
SA31.070718,07/07/2018,188,2018,July,Early,55.4242,-5.243417,4,3,3,2,Gravel,22.9,11:49,12:52,00:59:32,3572,0.07,0.03,0.64,0,0,0,0.134374335,1535.503398,3
SA31.150819,15/08/2019,227,2019,August,Late,55.5059,-5.0784,2,3,3,2,Sand,9.56,13:14,14:22,01:04:43,3883,0,0,0,0.9,0,0,0.096087515,49.13962516,1
SA32.070718,07/07/2018,188,2018,July,Early,55.4181,-5.2514,4,2,1,2,Mud,34,12:05,13:13,01:04:05,3845,0.14,0,0,0,0.51,0,0.126438797,2289.851619,2
SA32.150819,15/08/2019,227,2019,August,Late,55.511883,-5.085633,1,1,2,2,Sand,20.5,13:38,14:39,00:57:54,3474,0.22,0,0,0.28,0,0,0.111690968,101.5083504,2
SA33.070718,07/07/2018,188,2018,July,Early,55.432167,-5.2444,4,1,1,3,Algae,10.6,12:26,13:36,01:07:47,4067,0.91,0,0,0,0,0,0.116167143,672.7751435,1
SA33.150819,15/08/2019,227,2019,August,Late,55.515,-5.082317,1,2,1,2,Mud,36.1,14:02,13:08,00:57:23,3443,0,0.12,0,0,0.22,0,0.071323298,473.4984164,2
SA34.070718,07/07/2018,188,2018,July,Early,55.42665,-5.227667,4,3,2,2,Gravel,23.9,13:03,14:09,01:03:26,3806,0.15,0.1,0.48,0.03,0,0,0.125748962,1137.556157,4
SA34.160819,16/08/2019,228,2019,August,Late,55.53815,-5.0832,1,1,3,2,Algae,10.8,11:01,12:05,00:59:57,3597,0.49,0.12,0.11,0,0,0,0.086809486,98.30076141,3
SA35.070718,07/07/2018,188,2018,July,Early,55.422033,-5.221767,4,2,2,2,Mud,32.4,13:27,14:33,01:01:51,3711,0,0,0,0,0.45,0,0.132668316,1498.023,1
SA35.160819,16/08/2019,228,2019,August,Late,55.536733,-5.089067,1,2,3,2,Sand,15.6,11:11,12:20,01:06:05,3965,0.18,0,0.12,0.34,0,0,0.087764733,60.84791328,3
SA36.070718,07/07/2018,188,2018,July,Early,55.430983,-5.217617,4,1,2,2,Algae,9.84,13:48,14:51,01:01:35,3695,0.9,0,0,0,0,0,0.114724062,469.0593731,1
SA36.160819,16/08/2019,228,2019,August,Late,55.530617,-5.099983,1,3,2,2,Mud,32.2,11:23,12:38,01:11:16,4276,0,0,0,0,0.64,0,0.067487516,717.9044485,1
SA37.080718,08/07/2018,189,2018,July,Early,55.505817,-5.357633,5,1,1,2,Algae,8.03,11:13,12:20,01:03:24,3804,0.8,0,0,0,0,0,0.219880164,78.53087844,1
SA37.160819,16/08/2019,228,2019,August,Late,55.545517,-5.084,1,1,2,2,Algae,8.85,12:14,13:18,00:58:54,3534,0.69,0.12,0,0,0,0,0.102216527,452.6467831,2
SA38.080718,08/07/2018,189,2018,July,Early,55.499283,-5.3629,5,2,3,2,Gravel,22,11:27,12:38,01:07:32,4052,0.14,0.02,0.65,0,0,0,0.183314264,823.8436911,3
SA38.160819,16/08/2019,228,2019,August,Late,55.5404,-5.098117,1,2,3,2,Pebble,17.9,12:31,13:46,01:14:26,4466,0.17,0.24,0.13,0.1,0,0,0.078168109,369.8235594,4
SA39.080718,08/07/2018,189,2018,July,Early,55.491917,-5.364683,5,3,2,2,Mud,30.6,11:37,12:56,01:15:28,4528,0.02,0,0,0,0.68,0,0.1742028,1620.834902,2
SA39.160819,16/08/2019,228,2019,August,Late,55.5207,-5.1046,1,3,2,2,Mud,36.5,12:53,14:06,01:11:53,4313,0,0,0,0,0.63,0,0.092682302,237.9090325,1
SA40.080718,08/07/2018,189,2018,July,Early,55.49895,-5.344633,5,1,1,2,Algae,7.61,12:31,13:32,00:57:18,3438,0.91,0,0,0,0,0,0.102118388,529.8336846,1
SA40.160819,16/08/2019,228,2019,August,Late,55.53,-5.124533,1,1,2,2,Sand,5.49,13:35,14:36,00:58:45,3525,0.22,0,0,0.51,0,0,0.024989098,187.3898783,2
SA41.080718,08/07/2018,189,2018,July,Early,55.467817,-5.354733,5,2,3,2,Gravel,22.9,12:48,13:51,01:00:27,3627,0.04,0.07,0.69,0,0,0,0.164302468,2185.746954,3
SA41.160819,16/08/2019,228,2019,August,Late,55.537233,-5.10825,1,2,2,2,Sand,18.6,13:57,14:59,01:01:45,3705,0.07,0.06,0,0.46,0,0,0.06643977,548.1007339,3
SA42.080718,08/07/2018,189,2018,July,Early,55.475617,-5.354567,5,3,1,2,Mud,30.5,13:09,14:12,00:59:42,3582,0.01,0,0.01,0,0.53,0,0.162280589,1918.998906,3
SA42.160819,16/08/2019,228,2019,August,Late,55.515667,-5.092533,1,3,2,2,Mud,37.7,14:19,15:21,01:02:01,3721,0,0,0,0,0.49,0,0.108970501,293.8513259,1
SA43.080718,08/07/2018,189,2018,July,Early,55.487217,-5.334567,5,1,3,2,Gravel,10,13:41,14:42,00:57:47,3467,0.01,0.1,0.73,0,0,0,0.103441551,391.7896989,3
SA43.190819,19/08/2019,231,2019,August,Late,55.449917,-5.08905,3,2,2,2,Algae,10.3,13:20,14:22,00:58:12,3492,0.57,0.08,0.07,0,0,0,0.12821573,140.9500009,3
SA44.080718,08/07/2018,189,2018,July,Early,55.468917,-5.34325,5,2,2,2,Gravel,23.4,14:04,15:06,00:59:29,3569,0.1,0.13,0.36,0,0,0,0.162818983,1460.70143,3
SA44.190819,19/08/2019,231,2019,August,Late,55.450667,-5.083167,3,3,3,2,Gravel,19.5,13:26,14:39,01:09:20,4160,0.12,0.06,0.31,0.19,0,0,0.148621619,231.1594407,4
SA45.080718,08/07/2018,189,2018,July,Early,55.459617,-5.346433,5,3,2,2,Mud,30.5,14:23,15:26,01:00:56,3656,0,0,0,0,0.5,0,0.15121682,2004.702162,1
SA45.190819,19/08/2019,231,2019,August,Late,55.45325,-5.07505,2,1,1,2,Mud,37.3,13:43,15:01,01:22:11,4931,0,0,0,0,0.42,0,0.174498975,527.703903,1
SA46.170718,17/07/2018,198,2018,July,Early,55.442917,-5.294383,5,2,3,3,Algae,11.2,09:10,10:13,01:00:16,3616,0.89,0,0,0,0,0,0.089962646,1123.685918,1
SA46.190819,19/08/2019,231,2019,August,Late,55.46055,-5.079383,2,2,3,2,Algae,9.92,14:30,15:32,00:58:58,3538,0.7,0,0,0.13,0,0,0.102751195,126.9308688,2
SA47.170718,17/07/2018,198,2018,July,Early,55.438267,-5.323033,5,3,1,2,Gravel,24.3,09:24,10:36,01:09:16,4156,0.02,0.06,0.44,0,0,0,0.132541373,2664.781927,3
SA47.190819,19/08/2019,231,2019,August,Late,55.467917,-5.075517,2,3,2,2,Gravel,20.9,14:52,15:54,00:59:02,3542,0.16,0.11,0.39,0,0,0,0.154822841,338.4899563,3
SA48.170718,17/07/2018,198,2018,July,Early,55.4351,-5.334667,5,1,1,2,Mud,33,09:39,10:59,01:17:23,4643,0,0,0,0,0.52,0,0.132901698,3376.709253,1
SA48.190819,19/08/2019,231,2019,August,Late,55.473933,-5.0725,2,1,1,1,Mud,36.9,15:14,16:16,01:03:17,3797,0,0,0,0,0.37,0,0.122990653,786.1063466,1
SA49.170718,17/07/2018,198,2018,July,Early,55.443867,-5.28185,4,2,2,2,Algae,11.5,10:23,11:34,01:06:34,3994,0.95,0,0,0,0,0,0.080898501,735.7539323,1
SA49.190819,19/08/2019,231,2019,August,Late,55.474183,-5.082583,2,2,2,2,Seagrass,7.97,15:43,16:47,01:00:44,3644,0,0,0,0.29,0,0.41,0.062845051,170.3945666,2
SA50.170718,17/07/2018,198,2018,July,Early,55.436783,-5.3062,5,3,3,2,Gravel,20.9,10:50,11:53,00:59:33,3573,0,0,0.64,0.05,0,0,0.114654563,2068.217191,2
SA50.190819,19/08/2019,231,2019,August,Late,55.482983,-5.086783,2,3,2,2,Sand,19.1,16:06,17:09,00:58:03,3483,0.09,0.06,0,0.44,0,0.06,0.060321964,189.6867171,4
SA51.170718,17/07/2018,198,2018,July,Early,55.4192,-5.310383,4,1,1,2,Mud,31,11:16,12:16,00:57:30,3450,0,0,0,0,0.57,0,0.121005438,3949.618054,1
SA51.190819,19/08/2019,231,2019,August,Late,55.492383,-5.077367,2,1,2,2,Mud,32.1,16:27,17:28,00:56:38,3398,0,0,0,0,0.49,0,0.086076908,956.3620931,1
SA52.170718,17/07/2018,198,2018,July,Early,55.44015,-5.273317,4,2,3,2,Algae,9.84,11:40,12:42,00:58:34,3514,0.8,0,0,0,0,0,0.094859071,822.550656,1
SA52.200819,20/08/2019,232,2019,August,Late,55.5046,-5.358217,5,3,2,2,Algae,10.3,09:17,10:19,01:01:11,3671,0.91,0,0,0,0,0,0.203581989,167.9025883,1
SA53.170718,17/07/2018,198,2018,July,Early,55.435233,-5.292417,4,3,3,2,Algae,19.1,12:02,13:04,00:59:15,3555,0.49,0.02,0.1,0,0,0,0.096224122,1870.785173,3
SA53.200819,20/08/2019,232,2019,August,Late,55.498833,-5.35945,5,1,2,2,Gravel,17.4,09:24,10:43,01:13:45,4425,0,0.17,0.34,0,0,0,0.181572631,787.9935303,2
SA54.170718,17/07/2018,198,2018,July,Early,55.419283,-5.280633,4,1,1,2,Mud,29.4,12:30,13:33,00:59:13,3553,0,0,0,0,0.53,0,0.10711921,2877.043781,1
SA54.200819,20/08/2019,232,2019,August,Late,55.490633,-5.365883,5,2,1,2,Mud,31.5,09:38,11:01,01:18:17,4697,0,0.12,0,0,0.34,0,0.172581017,1780.793844,2
SA55.180718,18/07/2018,199,2018,July,Early,55.423333,-5.11225,3,1,1,2,Gravel,31.9,08:18,09:22,01:01:45,3705,0.01,0.06,0.41,0,0,0,0.291238487,236.8817677,3
SA55.200819,20/08/2019,232,2019,August,Late,55.494683,-5.338133,5,3,2,2,Algae,8.32,10:33,11:37,00:58:56,3536,0.87,0,0,0,0,0,0.104343981,552.0986845,1
SA56.180718,18/07/2018,199,2018,July,Early,55.431017,-5.106767,3,3,2,2,Gravel,24.3,08:30,09:41,01:07:39,4059,0.04,0.03,0.31,0.23,0,0,0.243415669,647.6095362,4
SA56.200819,20/08/2019,232,2019,August,Late,55.491167,-5.348033,5,1,2,2,Sand,18.2,10:50,11:52,00:57:08,3428,0.07,0.15,0.12,0.22,0,0,0.130320117,1195.356727,4
SA57.180718,18/07/2018,199,2018,July,Early,55.436083,-5.106917,3,2,3,2,Gravel,10.2,08:40,09:55,01:12:14,4334,0.37,0.02,0.47,0,0,0,0.185098171,464.1305885,3
SA57.200819,20/08/2019,232,2019,August,Late,55.479617,-5.357783,5,2,1,2,Mud,31.2,11:10,12:12,00:57:15,3435,0,0,0,0,0.49,0,0.160147846,2007.983069,1
SA58.180718,18/07/2018,199,2018,July,Early,55.428867,-5.096883,3,1,2,2,Sand,30.6,09:33,10:34,00:57:30,3450,0.05,0.05,0.02,0.47,0,0,0.222068027,1140.482144,4
SA58.200819,20/08/2019,232,2019,August,Late,55.485083,-5.330583,5,3,2,2,Algae,9.21,11:44,12:49,01:00:38,3638,0.82,0,0.11,0,0,0,0.104035698,206.4473603,2
SA59.180718,18/07/2018,199,2018,July,Early,55.43665,-5.099167,3,3,2,2,Gravel,22.1,09:50,10:52,00:56:44,3404,0.09,0.13,0.19,0,0,0,0.184606224,570.4763209,3
SA59.200819,20/08/2019,232,2019,August,Late,55.478433,-5.3413,5,1,3,2,Pebble,17.4,12:03,13:07,00:58:22,3502,0.04,0.47,0.09,0.1,0,0,0.145651951,1026.849228,4
SA60.180718,18/07/2018,199,2018,July,Early,55.442417,-5.096633,3,2,2,2,Pebble,11.6,10:05,11:09,01:01:49,3709,0.14,0.53,0.02,0,0,0,0.171923682,198.8579239,3
SA60.200819,20/08/2019,232,2019,August,Late,55.463317,-5.346917,5,2,1,2,Mud,30.6,12:24,13:39,00:58:47,3527,0,0,0.03,0,0.45,0,0.153066397,1877.342889,2
SA61.180718,18/07/2018,199,2018,July,Early,55.438117,-5.086933,3,1,1,2,Mud,35.4,10:45,11:45,00:56:13,3373,0,0.03,0,0,0.47,0,0.197566256,977.1611816,2
SA61.210819,21/08/2019,233,2019,August,Late,55.51895,-5.05935,1,1,3,2,Sand,8.68,08:54,09:56,01:02:20,3740,0.25,0,0,0.58,0,0,0.14705193,79.24599866,2
SA62.180718,18/07/2018,199,2018,July,Early,55.4464,-5.0863,3,3,3,2,Sand,24.1,11:03,12:07,01:01:23,3683,0.04,0,0.02,0.58,0,0,0.165769681,548.312613,3
SA62.210819,21/08/2019,233,2019,August,Late,55.52435,-5.0645,1,2,2,2,Pebble,18.4,09:04,10:22,01:16:06,4566,0.06,0.45,0.1,0.02,0,0,0.109411575,14.8074253,4
SA63.180718,18/07/2018,199,2018,July,Early,55.452717,-5.0827,3,2,2,2,Algae,11.4,11:20,12:21,00:58:24,3504,0.27,0.1,0.24,0,0,0,0.136970058,106.8462382,3
SA63.210819,21/08/2019,233,2019,August,Late,55.527917,-5.064717,1,3,2,2,Mud,40.6,09:18,10:48,01:31:45,5505,0,0.02,0,0,0.54,0,0.114416383,168.4169046,2
SA64.190718,19/07/2018,200,2018,July,Early,55.456917,-5.318567,5,2,1,3,Algae,7,10:22,11:25,00:58:05,3485,0.94,0,0,0,0,0,0.138688341,778.0642014,1
SA64.210819,21/08/2019,233,2019,August,Late,55.53955,-5.0798,1,1,3,2,Algae,7.61,10:13,11:13,00:58:32,3512,0.46,0.19,0.12,0,0,0,0.075320467,243.6452496,3
SA65.190718,19/07/2018,200,2018,July,Early,55.45405,-5.349933,5,3,3,2,Sand,24.6,10:35,11:47,01:05:02,3902,0.1,0.05,0.11,0.34,0,0,0.148681283,2470.019835,4
SA65.210819,21/08/2019,233,2019,August,Late,55.538967,-5.084967,1,2,2,2,Gravel,19.5,10:38,11:41,01:03:00,3780,0.05,0.09,0.23,0.17,0,0,0.088632338,215.756596,4
SA66.190718,19/07/2018,200,2018,July,Early,55.44685,-5.346117,5,1,1,2,Mud,36.1,10:47,12:01,01:10:02,4202,0,0,0,0,0.55,0,0.141922191,2773.171525,1
SA66.210819,21/08/2019,233,2019,August,Late,55.537683,-5.0728,1,3,1,2,Mud,37,11:01,12:09,01:03:01,3781,0,0,0,0,0.53,0,0.098394267,260.3976728,1
SA67.190718,19/07/2018,200,2018,July,Early,55.447917,-5.307317,5,2,3,2,Algae,9.03,11:33,12:05,00:59:05,3545,0.91,0,0,0,0,0,0.135430083,1233.24165,1
SA67.210819,21/08/2019,233,2019,August,Late,55.552567,-5.082667,1,1,3,2,Algae,13.3,11:25,12:38,01:05:44,3944,0.41,0.19,0.09,0.1,0,0,0.132320195,0,4
SA68.190718,19/07/2018,200,2018,July,Early,55.445633,-5.328367,5,3,2,2,Pebble,19.8,11:52,12:56,01:00:30,3630,0.3,0.33,0.05,0.03,0,0,0.140282869,2159.181707,4
SA68.210819,21/08/2019,233,2019,August,Late,55.557083,-5.087683,1,2,2,2,Sand,20.6,11:55,12:56,00:56:28,3388,0.08,0.12,0.1,0.24,0,0,0.11733532,38.91077543,4
SA69.190718,19/07/2018,200,2018,July,Early,55.437217,-5.332617,5,1,1,2,Mud,31.2,12:12,13:15,01:00:10,3610,0,0,0,0,0.56,0,0.130792171,3107.817937,1
SA69.210819,21/08/2019,233,2019,August,Late,55.565083,-5.09035,1,3,1,2,Mud,35.4,12:25,13:29,00:56:19,3379,0,0,0,0,0.49,0,0.104297467,561.1663434,1
SA70.190718,19/07/2018,200,2018,July,Early,55.442233,-5.293833,5,2,3,3,Algae,12.4,12:45,13:46,00:57:33,3453,0.53,0.01,0.39,0,0,0,0.089962646,1179.962671,3
SA70.250819,25/08/2019,237,2019,August,Late,55.452867,-5.313733,5,2,2,2,Algae,9.21,10:52,11:56,01:00:50,3650,0.83,0,0,0,0,0,0.144988835,1048.783461,1
SA71.190718,19/07/2018,200,2018,July,Early,55.4255,-5.32095,5,1,1,2,Mud,31.5,13:25,14:27,00:55:08,3308,0,0,0,0,0.49,0,0.125462934,3629.485584,1
SA71.250819,25/08/2019,237,2019,August,Late,55.448767,-5.321217,5,3,2,2,Gravel,19.1,11:00,12:13,01:10:43,4243,0.16,0.21,0.25,0,0,0,0.143319592,1635.725217,3
SA72.200718,20/07/2018,201,2018,July,Early,55.550633,-5.0786,1,3,2,2,Gravel,25.3,09:30,10:32,00:59:05,3545,0.09,0.07,0.13,0.13,0,0,0.123801202,176.0509219,4
SA72.250819,25/08/2019,237,2019,August,Late,55.445483,-5.341117,5,1,1,2,Mud,33.8,11:12,12:45,01:26:01,5161,0,0,0,0,0.49,0,0.138065487,2675.929634,1
SA73.200718,20/07/2018,201,2018,July,Early,55.558833,-5.080567,1,1,1,2,Mud,35.6,09:45,10:59,01:11:47,4307,0.04,0,0,0,0.41,0,0.124249145,506.9678826,2
SA73.250819,25/08/2019,237,2019,August,Late,55.4475,-5.297283,5,2,3,2,Algae,9.74,12:06,13:23,01:14:05,4445,0.89,0,0,0,0,0,0.092135094,768.8300799,1
SA74.200718,20/07/2018,201,2018,July,Early,55.56255,-5.095333,1,2,3,3,Algae,8.97,09:53,11:16,01:20:48,4848,0.65,0,0.07,0,0,0,0.104575753,146.2537312,2
SA74.250819,25/08/2019,237,2019,August,Late,55.43625,-5.297183,4,3,2,2,Algae,17.4,12:29,13:46,01:11:13,4273,0.49,0.13,0.11,0,0,0,0.100409634,1877.816528,3
SA75.200718,20/07/2018,201,2018,July,Early,55.56925,-5.1006,1,3,1,2,Sand,27.8,10:49,11:53,00:59:46,3586,0.01,0.05,0,0.42,0,0,0.08624123,231.8058075,3
SA75.250819,25/08/2019,237,2019,August,Late,55.4196,-5.29805,4,1,1,2,Pebble,27.5,13:08,14:10,00:59:12,3552,0.08,0.23,0.08,0,0,0,0.113512702,3582.231016,3
SA76.200718,20/07/2018,201,2018,July,Early,55.552917,-5.07655,1,1,2,2,Mud,38.3,11:07,12:09,00:58:44,3524,0,0,0.01,0,0.42,0,0.129333541,345.8899704,2
SA76.250819,25/08/2019,237,2019,August,Late,55.442967,-5.274533,4,2,2,3,Algae,9.03,13:34,14:37,00:59:00,3540,0.25,0,0,0,0,0,0.083231591,613.3631595,1
SA77.200718,20/07/2018,201,2018,July,Early,55.560217,-5.092533,1,2,2,3,Sand,13.4,11:25,12:30,01:02:37,3757,0.24,0.02,0,0.45,0,0,0.113998808,51.63962151,3
SA77.250819,25/08/2019,237,2019,August,Late,55.432917,-5.273517,4,3,3,2,Algae,18.3,13:55,14:56,00:57:44,3464,0.3,0.25,0.18,0,0,0,0.092241868,1471.08531,3
SA78.200718,20/07/2018,201,2018,July,Early,55.557583,-5.08425,1,3,2,2,Mud,26.8,12:04,13:05,00:58:38,3518,0.15,0,0.01,0,0.44,0,0.124249145,236.4041645,3
SA78.250819,25/08/2019,237,2019,August,Late,55.422783,-5.272117,4,1,2,2,Mud,30.3,14:22,15:25,00:59:56,3596,0,0,0,0,0.59,0,0.105780177,2244.760554,1
SA79.200718,20/07/2018,201,2018,July,Early,55.550067,-5.074033,1,1,1,2,Mud,36.5,12:20,13:27,01:03:13,3793,0,0,0,0,0.43,0,0.125932664,464.3195688,1
SA79.260819,26/08/2019,238,2019,August,Late,55.433917,-5.24115,4,3,1,2,Algae,9.37,10:03,11:04,00:57:09,3429,0.92,0,0,0,0,0,0.105512388,445.5769246,1
SA80.200718,20/07/2018,201,2018,July,Early,55.57015,-5.10335,1,2,2,2,Algae,8.66,12:40,14:05,01:19:36,4776,0.27,0,0.21,0.17,0,0,0.081345521,86.48800512,3
SA80.260819,26/08/2019,238,2019,August,Late,55.430133,-5.24355,4,1,2,2,Algae,15.7,10:13,11:19,01:01:29,3689,0.34,0,0.21,0,0,0,0.131153464,883.2428534,2
SA81.200718,20/07/2018,201,2018,July,Early,55.539733,-5.07225,1,3,2,3,Sand,25.7,13:20,14:25,00:57:51,3471,0.12,0.02,0.08,0.58,0,0,0.091178007,440.5754119,4
SA81.260819,26/08/2019,238,2019,August,Late,55.423267,-5.239483,4,2,1,2,Mud,29.9,10:25,11:42,01:13:30,4410,0,0.19,0,0,0.25,0,0.133762434,1597.714607,2
SA82.200718,20/07/2018,201,2018,July,Early,55.533667,-5.0664,1,1,1,2,Mud,32.1,13:39,14:40,00:56:43,3403,0.02,0,0,0,0.39,0,0.117927253,392.0396313,2
SA82.260819,26/08/2019,238,2019,August,Late,55.432017,-5.227817,4,3,1,2,Algae,8.68,11:12,12:14,00:58:19,3499,0.94,0,0,0,0,0,0.046230834,564.053812,1
SA83.210718,21/07/2018,202,2018,July,Early,55.546217,-5.088233,1,2,2,2,Algae,8.32,10:25,11:32,01:04:00,3840,0.55,0,0.11,0,0,0,0.091815822,344.5610637,2
SA83.260819,26/08/2019,238,2019,August,Late,55.42935,-5.2145,4,1,2,3,Pebble,17.7,11:32,12:35,00:56:56,3416,0,0.63,0.19,0.08,0,0,0.115943171,595.9774578,3
SA84.210718,21/07/2018,202,2018,July,Early,55.540067,-5.082283,1,1,2,2,Gravel,20.6,10:35,11:39,01:06:42,4002,0.09,0.01,0.2,0.19,0,0,0.083340801,301.1950229,4
SA84.260819,26/08/2019,238,2019,August,Late,55.422833,-5.216133,4,2,2,2,Mud,31.9,11:54,12:56,00:57:18,3438,0,0,0,0,0.5,0,0.132693574,1327.8722,1
SA85.210718,21/07/2018,202,2018,July,Early,55.53785,-5.097283,1,3,1,2,Algae,30.6,10:50,11:52,01:03:58,3838,0.56,0,0,0.12,0,0,0.081181459,565.7907388,2
SA85.260819,26/08/2019,238,2019,August,Late,55.430767,-5.19925,4,3,1,2,Algae,9.03,12:24,13:25,01:05:08,3908,0.79,0.11,0,0,0,0,0.147913128,332.1083879,2
SA86.210718,21/07/2018,202,2018,July,Early,55.544617,-5.0938,1,2,2,2,Algae,10.9,11:39,12:41,01:59:05,7145,0.91,0,0,0,0,0,0.074307427,140.8003772,1
SA86.260819,26/08/2019,238,2019,August,Late,55.427917,-5.188183,4,1,3,2,Pebble,16.8,12:45,13:46,00:58:32,3512,0.22,0.61,0,0,0,0,0.176577583,649.3257159,2
SA87.210718,21/07/2018,202,2018,July,Early,55.537367,-5.091,1,1,2,2,Sand,25.9,11:52,12:55,01:01:09,3669,0.05,0,0,0.41,0,0,0.087764733,195.3249112,2
SA87.260819,26/08/2019,238,2019,August,Late,55.42295,-5.179483,4,2,2,2,Sand,32.4,13:08,14:10,00:59:40,3580,0,0.06,0.15,0.32,0,0,0.178383216,1233.195836,3
SA88.010919,01/09/2019,244,2019,September,Late,55.435733,-5.147933,3,3,2,2,Algae,10.6,12:34,13:35,00:57:48,3468,0.89,0,0,0,0,0,0.11497198,676.0963349,1
SA88.210718,21/07/2018,202,2018,July,Early,55.529,-5.0938,1,3,1,2,Mud,33.5,12:05,13:20,01:11:32,4292,0,0,0,0,0.5,0,0.06570226,362.6572538,1
SA89.010919,01/09/2019,244,2019,September,Late,55.43215,-5.1589,3,2,2,2,Gravel,19.7,12:41,13:51,01:06:33,3993,0,0.14,0.46,0,0,0,0.146732152,656.898266,2
SA89.210718,21/07/2018,202,2018,July,Early,55.540033,-5.1013,1,2,2,2,Algae,12.8,12:51,13:57,01:02:02,3722,0.9,0,0,0,0,0,0.076158598,299.9725805,1
SA90.010919,01/09/2019,244,2019,September,Late,55.440467,-5.155783,3,1,2,2,Mud,31.4,12:49,14:04,01:16:24,4584,0,0,0.17,0,0.34,0,0.094600193,139.1601155,2
SA90.210718,21/07/2018,202,2018,July,Early,55.5427,-5.084417,1,1,3,2,Sand,20.4,13:09,14:16,01:05:32,3932,0.19,0,0.16,0.38,0,0,0.083340801,606.4749259,3
SA91.010919,01/09/2019,244,2019,September,Late,55.438317,-5.147167,3,3,1,2,Algae,13.8,13:44,14:48,00:58:04,3484,0.87,0,0,0,0,0,0.11497198,388.4627591,1
SA91.210718,21/07/2018,202,2018,July,Early,55.52425,-5.096933,1,3,1,2,Mud,40.4,13:30,14:37,01:03:25,3805,0,0,0,0,0.51,0,0.075674951,643.9875621,1
SA92.010919,01/09/2019,244,2019,September,Late,55.434033,-5.144467,3,2,2,2,Gravel,19.1,14:00,15:01,00:57:43,3463,0.12,0,0.59,0,0,0,0.140080199,869.6313935,2
SA92.210718,21/07/2018,202,2018,July,Early,55.538217,-5.108783,1,2,2,2,Algae,11.8,14:05,15:06,00:58:18,3498,0.76,0,0,0.04,0,0,0.06643977,436.7924169,2
SA93.010919,01/09/2019,244,2019,September,Late,55.418983,-5.145183,3,1,2,2,Gravel,28.5,14:22,15:22,00:57:36,3456,0,0,0.61,0,0,0,0.217460036,1610.169911,1
SA93.210718,21/07/2018,202,2018,July,Early,55.539733,-5.095567,1,1,2,2,Sand,22.7,14:28,15:30,00:58:05,3485,0.03,0.02,0,0.51,0,0,0.077774197,532.3882043,3
SA94.010919,01/09/2019,244,2019,September,Late,55.438683,-5.1371,3,3,2,3,Algae,9.38,14:53,15:56,01:01:25,3685,0.88,0,0,0,0,0,0.154977456,413.0729886,1
SA94.310718,31/07/2018,212,2018,July,Early,55.511917,-5.0808,1,1,2,2,Sand,19.5,12:29,13:35,01:01:08,3668,0.05,0.01,0,0.44,0,0,0.090073615,166.8764899,3
SA95.310718,31/07/2018,212,2018,July,Early,55.512533,-5.090517,1,3,3,2,Algae,7.12,12:42,13:52,01:08:20,4100,0.52,0.01,0,0.24,0,0,0.107677437,49.87211907,3
SA96.020919,02/09/2019,245,2019,September,Late,55.48125,-5.086617,2,1,2,2,Seagrass,7.44,12:45,13:46,00:58:52,3532,0,0,0,0,0,0.8,0.060321964,193.6932243,1
SA96.310718,31/07/2018,212,2018,July,Early,55.52085,-5.102633,1,2,1,2,Mud,39.7,12:58,14:10,01:10:28,4228,0,0,0,0,0.46,0,0.092682302,333.0879431,1
SA97.020919,02/09/2019,245,2019,September,Late,55.486933,-5.08845,2,2,2,2,Sand,18.4,12:53,14:04,01:06:25,3985,0,0.06,0.04,0.51,0,0,0.05939509,255.9936522,3
SA97.310718,31/07/2018,212,2018,July,Early,55.521267,-5.078,1,1,2,2,Sand,18.6,13:45,14:52,00:58:27,3507,0.07,0.01,0,0.42,0,0,0.065159112,42.83260334,3
SA98.020919,02/09/2019,245,2019,September,Late,55.490317,-5.093517,2,3,2,2,Mud,28.2,13:02,14:21,01:16:08,4568,0,0,0,0,0.55,0,0.05474706,0,1
SA98.310718,31/07/2018,212,2018,July,Early,55.527733,-5.089,1,3,2,2,Algae,9.37,14:05,15:03,00:54:24,3264,0.38,0.06,0,0.29,0,0,0.060825553,94.7034888,3
SA99.020919,02/09/2019,245,2019,September,Late,55.4948,-5.08875,2,1,2,2,Seagrass,6.37,13:58,14:59,00:57:42,3462,0,0,0,0.41,0,0.48,0.066935465,201.9667227,2
SA99.310718,31/07/2018,212,2018,July,Early,55.525717,-5.10925,1,2,1,2,Mud,38.8,14:21,15:23,00:58:01,3481,0.07,0,0,0,0.29,0,0.059643179,552.1083871,2
