ID,Station,Year,Source,Latitude,Longitude,Depth,Algae,Pebble,Gravel,Sand,Mud,Seagrass,Habitat
1,2018.SNH.1a,2018,SNH,55.53458333,-5.070783333,13,0.03,0.09,0.72,0.11,0,0,Gravel
2,2018.SNH.2a,2018,SNH,55.53608333,-5.07415,5,0.66,0.03,0,0.07,0,0,Algae
3,2018.SNH.3a,2018,SNH,55.53725,-5.075333333,7,0.4,0.04,0.41,0.05,0,0,Gravel
4,2018.SNH.3b,2018,SNH,55.53783333,-5.076816667,6,0.67,0.04,0.5,0,0,0,Algae
5,2018.SNH.4a,2018,SNH,55.53886667,-5.0771,10,0.12,0.25,0.29,0.21,0,0,Gravel
6,2018.SNH.4b,2018,SNH,55.53981667,-5.078183333,8,0.12,0.08,0.57,0,0,0,Gravel
7,2018.SNH.5a,2018,SNH,55.53925,-5.07965,7,0.23,0.16,0,0.5,0,0,Sand
8,2018.SNH.5b,2018,SNH,55.54025,-5.0793,8,0.13,0.14,0.13,0.58,0,0,Sand
9,2018.SNH.6a,2018,SNH,55.54078333,-5.079366667,11,0.22,0,0.05,0.68,0,0,Sand
10,2018.SNH.6b,2018,SNH,55.54191667,-5.078733333,8,0,0.08,0.21,0.59,0,0,Sand
11,2018.SNH.21a,2018,SNH,55.44305,-5.09395,13,0.21,0.03,0.25,0.36,0,0,Sand
12,2018.SNH.21b,2018,SNH,55.4424,-5.095083333,17,0.19,0.05,0.47,0.09,0,0,Gravel
13,2018.SNH.22a,2018,SNH,55.4416,-5.09675,13,0.11,0.07,0.57,0.11,0,0,Gravel
14,2018.SNH.22b,2018,SNH,55.44123333,-5.097683333,9,0.08,0.07,0.3,0.5,0,0,Sand
15,2018.SNH.23a,2018,SNH,55.43955,-5.1004,11,0,0.12,0.15,0.47,0,0,Sand
16,2018.SNH.23b,2018,SNH,55.43943333,-5.101566667,23,0.17,0.32,0.32,0,0,0,Pebble
17,2018.SNH.24a,2018,SNH,55.43773333,-5.10425,9,0.04,0.06,0.46,0.4,0,0,Gravel
18,2018.SNH.24b,2018,SNH,55.43803333,-5.104683333,13,0.05,0.04,0.3,0.41,0,0,Sand
19,2018.SNH.25a,2018,SNH,55.43373333,-5.103816667,22,0,0.42,0.22,0.08,0,0,Pebble
20,2018.SNH.25b,2018,SNH,55.43328333,-5.1056,8,0,0.27,0.52,0.04,0,0,Gravel
21,2018.SNH.26a,2018,SNH,55.43476667,-5.1066,10,0.12,0.04,0.27,0.38,0,0,Sand
22,2018.SNH.26b,2018,SNH,55.43495,-5.107633333,16,0.36,0.23,0.07,0.07,0,0,Algae
23,2018.SNH.27a,2018,SNH,55.43456667,-5.110333333,8,0.15,0,0.07,0.57,0,0,Sand
24,2018.SNH.27b,2018,SNH,55.43461667,-5.110233333,13,0.32,0.09,0.33,0,0,0,Algae
25,2018.SNH.28a,2018,SNH,55.43531667,-5.11165,6,0.05,0,0,0.78,0,0,Sand
26,2018.SNH.28b,2018,SNH,55.43525,-5.1111,12,0.15,0,0.33,0.46,0,0,Sand
27,2018.SNH.29a,2018,SNH,55.43036667,-5.1151,7,0.42,0,0,0.39,0,0,Algae
28,2018.SNH.29b,2018,SNH,55.42983333,-5.1143,10,0.43,0.02,0.18,0.15,0,0,Algae
29,2018.SNH.30a,2018,SNH,55.43253333,-5.112833333,8,0.16,0.14,0.49,0.16,0,0,Gravel
30,2018.SNH.30b,2018,SNH,55.43213333,-5.112233333,9,0,0.14,0.73,0,0,0,Gravel
31,2018.SNH.31a,2018,SNH,55.43608333,-5.12945,10,0.9,0,0.03,0,0,0,Algae
32,2018.SNH.31b,2018,SNH,55.43553333,-5.1274,10,0.01,0,0.23,0.48,0,0,Sand
33,2018.SNH.32a,2018,SNH,55.43228333,-5.12865,13,0.62,0.02,0.07,0,0,0,Algae
34,2018.SNH.32b,2018,SNH,55.43145,-5.127616667,12,0.3,0,0.25,0.39,0,0,Sand
35,2018.SNH.33a,2018,SNH,55.43383333,-5.126733333,9,0,0,0.6,0.32,0,0,Gravel
36,2018.SNH.33b,2018,SNH,55.43301667,-5.125733333,9,0.11,0.1,0,0.7,0,0,Sand
37,2018.SNH.34a,2018,SNH,55.4342,-5.129316667,11,0.04,0.1,0.56,0,0,0,Gravel
38,2018.SNH.34b,2018,SNH,55.43315,-5.127883333,11,0,0.04,0.82,0,0,0,Gravel
39,2018.SNH.35a,2018,SNH,55.43518333,-5.127033333,9,0.04,0,0.04,0.76,0,0,Sand
40,2018.SNH.35b,2018,SNH,55.43438333,-5.1264,9,0,0.24,0.67,0,0,0,Gravel
41,2018.SNH.36a,2018,SNH,55.43611667,-5.1238,6,0.76,0.02,0,0.16,0,0,Algae
42,2018.SNH.36b,2018,SNH,55.43538333,-5.124,7,0.9,0,0.03,0,0,0,Algae
43,2018.SNH.37a,2018,SNH,55.4341,-5.124383333,8,0.07,0.14,0.76,0,0,0,Gravel
44,2018.SNH.37b,2018,SNH,55.43356667,-5.124233333,9,0.33,0,0.24,0.07,0,0,Algae
45,2018.SNH.38a,2018,SNH,55.43283333,-5.1234,8,0.03,0.27,0.42,0,0,0,Gravel
46,2018.SNH.38b,2018,SNH,55.4322,-5.12415,9,0.47,0.38,0,0,0,0,Algae
47,2018.SNH.39a,2018,SNH,55.43586667,-5.12065,5,0.47,0,0.02,0.32,0,0,Algae
48,2018.SNH.39b,2018,SNH,55.43543333,-5.120966667,6,0.91,0,0,0,0,0,Algae
49,2018.SNH.40a,2018,SNH,55.45588333,-5.327016667,15,0,0.02,0.57,0.29,0,0,Gravel
50,2018.SNH.40b,2018,SNH,55.4564,-5.327166667,14,0.08,0.46,0.38,0,0,0,Pebble
51,2018.SNH.41a,2018,SNH,55.44893333,-5.325583333,17,0,0.3,0.52,0,0,0,Gravel
52,2018.SNH.41b,2018,SNH,55.44945,-5.326033333,17,0,0.09,0.72,0,0,0,Gravel
53,2018.SNH.42a,2018,SNH,55.4448,-5.320383333,18,0,0,0.86,0.02,0,0,Gravel
54,2018.SNH.42b,2018,SNH,55.44528333,-5.32105,18,0,0.12,0.72,0,0,0,Gravel
55,2018.SNH.43a,2018,SNH,55.44493333,-5.314233333,13,0.61,0,0.02,0.07,0,0,Algae
56,2018.SNH.43b,2018,SNH,55.44541667,-5.315066667,13,0.78,0,0.08,0,0,0,Algae
57,2018.SNH.44a,2018,SNH,55.4403,-5.3165,19,0,0.08,0.39,0.33,0,0,Gravel
58,2018.SNH.44b,2018,SNH,55.44083333,-5.317316667,18,0,0.32,0.49,0,0,0,Gravel
59,2018.SNH.45a,2018,SNH,55.44153333,-5.306866667,15,0.02,0,0.77,0.05,0,0,Gravel
60,2018.SNH.45b,2018,SNH,55.44211667,-5.307716667,14,0.13,0.13,0.6,0,0,0,Gravel
61,2018.SNH.46a,2018,SNH,55.43961667,-5.3021,15,0.16,0.15,0.5,0.13,0,0,Gravel
62,2018.SNH.46b,2018,SNH,55.44023333,-5.303066667,15,0.12,0,0.8,0,0,0,Gravel
63,2018.SNH.47a,2018,SNH,55.43533333,-5.30935,18,0.05,0.32,0.56,0,0,0,Gravel
64,2018.SNH.47b,2018,SNH,55.43565,-5.310033333,18,0.08,0.42,0.45,0,0,0,Gravel
65,2018.SNH.48a,2018,SNH,55.437,-5.302416667,17,0.64,0.03,0.16,0,0,0,Algae
66,2018.SNH.48b,2018,SNH,55.43806667,-5.3031,15,0.65,0.1,0.11,0,0,0,Algae
67,2018.SNH.49a,2018,SNH,55.43853333,-5.29545,15,0.66,0,0.24,0.03,0,0,Algae
68,2018.SNH.49b,2018,SNH,55.43923333,-5.29595,12,0.64,0.08,0.11,0,0,0,Algae
69,2018.SNH.50a,2018,SNH,55.43991667,-5.29175,16,0,0.19,0.69,0,0,0,Gravel
70,2018.SNH.50b,2018,SNH,55.44061667,-5.291833333,15,0,0.29,0.67,0,0,0,Gravel
71,2018.SNH.51a,2018,SNH,55.43725,-5.28695,16,0.42,0,0.15,0.18,0,0,Algae
72,2018.SNH.51b,2018,SNH,55.4381,-5.287,15,0.57,0.07,0.12,0.01,0,0,Algae
73,2018.SNH.52a,2018,SNH,55.43671667,-5.2946,17,0.08,0.18,0.57,0,0,0,Gravel
74,2018.SNH.52b,2018,SNH,55.43741667,-5.294683333,16,0.89,0.06,0,0,0,0,Algae
75,2018.SNH.53a,2018,SNH,55.43253333,-5.300233333,21,0,0.13,0.67,0.04,0,0,Gravel
76,2018.SNH.53b,2018,SNH,55.4328,-5.300483333,19,0,0.28,0.61,0.03,0,0,Gravel
77,2018.SNH.54a,2018,SNH,55.4318,-5.289233333,17,0.33,0.03,0.27,0.16,0,0,Algae
78,2018.SNH.54b,2018,SNH,55.43203333,-5.289416667,15,0.44,0.11,0.18,0,0,0,Algae
79,2018.SNH.55a,2018,SNH,55.43248333,-5.278966667,19,0.07,0.09,0.52,0.19,0,0,Gravel
80,2018.SNH.55b,2018,SNH,55.43276667,-5.278716667,18,0.12,0.12,0.61,0.1,0,0,Gravel
81,2018.SNH.56a,2018,SNH,55.50573333,-5.065933333,14,0.37,0,0.08,0.51,0,0,Sand
82,2018.SNH.56b,2018,SNH,55.50631667,-5.065883333,13,0,0.05,0.42,0.38,0,0,Gravel
83,2018.SNH.57a,2018,SNH,55.5065,-5.0626,14,0,0,0.49,0.39,0,0,Gravel
84,2018.SNH.57b,2018,SNH,55.50713333,-5.062433333,12,0.03,0,0.57,0.31,0,0,Gravel
85,2018.SNH.58a,2018,SNH,55.50805,-5.065666667,9,0.7,0.16,0,0,0,0,Algae
86,2018.SNH.58b,2018,SNH,55.5087,-5.065516667,9,0.83,0.14,0,0,0,0,Algae
87,2018.SNH.59a,2018,SNH,55.51005,-5.06425,8,0.44,0,0.23,0.14,0,0,Algae
88,2018.SNH.59b,2018,SNH,55.51026667,-5.063783333,8,0.78,0.12,0,0,0,0,Algae
89,2018.SNH.60a,2018,SNH,55.50986667,-5.05085,9,0.12,0,0.61,0.2,0,0,Gravel
90,2018.SNH.60b,2018,SNH,55.51026667,-5.050583333,7,0.19,0.14,0.42,0,0,0,Gravel
91,2018.SNH.61a,2018,SNH,55.5087,-5.06165,15,0.03,0.18,0.41,0.25,0,0,Gravel
92,2018.SNH.61b,2018,SNH,55.50915,-5.06135,12,0,0.12,0.62,0.08,0,0,Gravel
93,2018.SNH.62a,2018,SNH,55.51021667,-5.058583333,17,0,0,0.09,0.83,0,0,Sand
94,2018.SNH.62b,2018,SNH,55.51055,-5.0576,16,0,0,0.06,0.8,0,0,Sand
95,2018.SNH.63a,2018,SNH,55.5108,-5.061533333,7,0.18,0,0.08,0.56,0,0,Sand
96,2018.SNH.63b,2018,SNH,55.51113333,-5.060583333,9,0.03,0,0.13,0.72,0,0,Sand
97,2018.SNH.64a,2018,SNH,55.5123,-5.059366667,8,0.08,0.1,0.16,0.5,0,0,Sand
98,2018.SNH.64b,2018,SNH,55.51271667,-5.058933333,9,0.07,0.09,0.66,0,0,0,Gravel
99,2018.SNH.65a,2018,SNH,55.51393333,-5.057883333,8,0.08,0,0.64,0.2,0,0,Gravel
100,2018.SNH.65b,2018,SNH,55.51386667,-5.0581,9,0,0.1,0.18,0.6,0,0,Sand
101,2018.SNH.66a,2018,SNH,55.51636667,-5.0572,25,0,0,0.77,0.17,0,0,Sand
102,2018.SNH.66b,2018,SNH,55.51606667,-5.056916667,27,0,0.06,0.25,0.61,0,0,Sand
103,2018.SNH.118a,2018,SNH,55.50173333,-5.0826,4,0,0,0,0.98,0,0,Sand
104,2018.SNH.118b,2018,SNH,55.50175,-5.0821,5,0,0,0,0.94,0,0,Sand
105,2018.SNH.119a,2018,SNH,55.50026667,-5.08465,5,0,0,0,0.2,0,0.76,Seagrass
106,2018.SNH.119b,2018,SNH,55.5001,-5.084283333,6,0,0,0,0.94,0,0,Sand
107,2018.SNH.120a,2018,SNH,55.49831667,-5.087433333,4,0,0,0,0.64,0,0.3,Sand
108,2018.SNH.120b,2018,SNH,55.498,-5.087016667,5,0,0,0,0.51,0,0.46,Sand
109,2018.SNH.121a,2018,SNH,55.49715,-5.088416667,4,0,0,0,0.64,0,0.34,Sand
110,2018.SNH.121b,2018,SNH,55.49688333,-5.087566667,5,0,0,0,0.48,0,0.46,Sand
111,2018.SNH.122a,2018,SNH,55.4944,-5.0891,4,0,0,0,0.6,0,0.32,Sand
112,2018.SNH.122b,2018,SNH,55.49405,-5.088233333,6,0,0,0,0.23,0,0.72,Seagrass
113,2018.SNH.123a,2018,SNH,55.49301667,-5.08995,3,0,0,0,0.97,0,0,Sand
114,2018.SNH.123b,2018,SNH,55.49245,-5.088566667,6,0,0,0,0.98,0,0,Sand
115,2018.SNH.124a,2018,SNH,55.4902,-5.0906,3,0.17,0,0,0.68,0,0.12,Sand
116,2018.SNH.124b,2018,SNH,55.48966667,-5.0905,3,0,0,0,0.65,0,0.33,Sand
117,2018.SNH.125a,2018,SNH,55.48781667,-5.090566667,2,0,0,0,0.08,0,0.88,Seagrass
118,2018.SNH.125b,2018,SNH,55.48726667,-5.090316667,3,0,0,0,0.97,0,0,Sand
119,2018.SNH.126a,2018,SNH,55.4861,-5.09035,2,0,0,0,0.97,0,0,Sand
120,2018.SNH.126b,2018,SNH,55.48553333,-5.08975,3,0,0,0,0.97,0,0,Sand
121,2018.SNH.127a,2018,SNH,55.48391667,-5.089216667,2,0,0,0,0.92,0,0,Sand
122,2018.SNH.127b,2018,SNH,55.48328703,-5.088791968,3,0,0,0,0.98,0,0,Sand
123,2018.SNH.128a,2018,SNH,55.4796,-5.0859,4,0,0,0,0.82,0,0.15,Sand
124,2018.SNH.128b,2018,SNH,55.47881667,-5.08575,3,0,0,0,0.84,0,0.12,Sand
125,2018.SNH.129a,2018,SNH,55.47771667,-5.085133333,2,0,0,0,0.92,0,0,Sand
126,2018.SNH.129b,2018,SNH,55.47723333,-5.0849,2,0,0,0,0.98,0,0,Sand
127,2018.SNH.130a,2018,SNH,55.47571667,-5.08335,5,0,0,0,0.98,0,0,Sand
128,2018.SNH.130b,2018,SNH,55.47543333,-5.0824,13,0.11,0,0,0.86,0,0,Sand
129,2018.SNH.131a,2018,SNH,55.47371667,-5.0826,5,0,0,0,0.11,0,0.86,Seagrass
130,2018.SNH.131b,2018,SNH,55.47326667,-5.082666667,3,0,0,0,0.27,0,0.69,Seagrass
131,2018.SNH.132a,2018,SNH,55.4721,-5.08225,3,0,0,0,0.55,0,0.41,Sand
132,2018.SNH.132b,2018,SNH,55.47193333,-5.081466667,4,0,0,0,0.57,0,0.38,Sand
133,2018.SNH.133a,2018,SNH,55.46975,-5.079966667,3,0,0,0,0.02,0,0.96,Seagrass
134,2018.SNH.133b,2018,SNH,55.46963333,-5.07895,5,0,0,0,0.83,0,0.15,Sand
135,2018.SNH.134a,2018,SNH,55.46826667,-5.078583333,4,0.02,0,0,0.96,0,0,Sand
136,2018.SNH.134b,2018,SNH,55.46828333,-5.077516667,6,0,0,0,0.97,0,0,Sand
137,2014.SNH.WB16b,2014,SNH,55.5081,-5.0776,17,0.05,0,0.19,0.7,0,0,Sand
138,2014.SNH.WB16a,2014,SNH,55.508,-5.077716667,15,0.16,0.08,0.22,0.49,0,0,Sand
139,2014.SNH.WB15b,2014,SNH,55.504,-5.0791,12,0,0,0,0.98,0,0,Sand
140,2014.SNH.WB15a,2014,SNH,55.50405,-5.080783333,2,0,0,0,0.98,0,0,Sand
141,2014.SNH.WB14b,2014,SNH,55.4955,-5.087233333,7,0.05,0,0,0.91,0,0,Sand
142,2014.SNH.WB14a,2014,SNH,55.49538333,-5.090433333,2,0.09,0,0,0.89,0,0,Sand
143,2014.SNH.WB12b,2014,SNH,55.47448333,-5.082283333,8,0,0,0,0.99,0,0,Sand
144,2014.SNH.WB12a,2014,SNH,55.47411667,-5.083766667,2,0,0,0,0.98,0,0,Sand
145,2014.SNH.WB11b,2014,SNH,55.46623333,-5.077333333,6,0.34,0.17,0.46,0,0,0,Gravel
146,2014.SNH.WB11a,2014,SNH,55.46721667,-5.077616667,6,0.09,0.11,0.27,0.51,0,0,Gravel
147,2014.SNH.WB10b,2014,SNH,55.46908333,-5.078016667,10,0,0,0.04,0.94,0,0,Sand
148,2014.SNH.WB10a,2014,SNH,55.4686,-5.080183333,3,0,0,0,0.98,0,0,Sand
149,2014.SNH.WB09b,2014,SNH,55.47191667,-5.080716667,8,0,0,0,0.98,0,0,Sand
150,2014.SNH.WB09a,2014,SNH,55.47146667,-5.082716667,2,0,0,0,0.98,0,0,Sand
151,2014.SNH.WB08b,2014,SNH,55.47611667,-5.08335,8,0,0,0,0.98,0,0,Sand
152,2014.SNH.WB08a,2014,SNH,55.47565,-5.084666667,2,0,0,0,0.98,0,0,Sand
153,2014.SNH.WB07b,2014,SNH,55.47928333,-5.084933333,10,0,0,0,0.98,0,0,Sand
154,2014.SNH.WB07a,2014,SNH,55.47905,-5.086483333,2,0,0,0,0.98,0,0,Sand
155,2014.SNH.WB06b,2014,SNH,55.48318333,-5.08755,9,0,0,0,0.98,0,0,Sand
156,2014.SNH.WB06a,2014,SNH,55.48281667,-5.089183333,2,0,0,0,0.98,0,0,Sand
157,2014.SNH.WB05b,2014,SNH,55.48621667,-5.089466667,7,0,0,0,0.98,0,0,Sand
158,2014.SNH.WB05a,2014,SNH,55.48576667,-5.091116667,2,0,0,0,0.95,0,0.03,Sand
159,2014.SNH.WB04b,2014,SNH,55.48866667,-5.089366667,6,0.05,0,0,0.93,0,0,Sand
160,2014.SNH.WB04a,2014,SNH,55.48838333,-5.091783333,2,0,0,0,0.99,0,0,Sand
161,2014.SNH.WB03b,2014,SNH,55.49978333,-5.0841,7,0,0,0,0.98,0,0,Sand
162,2014.SNH.WB03a,2014,SNH,55.5003,-5.08745,2,0,0,0,0.98,0,0,Sand
163,2014.SNH.WB02b,2014,SNH,55.49706667,-5.086433333,7,0,0,0,0.98,0,0,Sand
164,2014.SNH.WB02a,2014,SNH,55.49693333,-5.089833333,2,0,0,0,0.98,0,0,Sand
165,2014.SNH.WB01b,2014,SNH,55.49296667,-5.08795,7,0,0,0,0.98,0,0,Sand
166,2014.SNH.WB01a,2014,SNH,55.4928,-5.0909,3,0,0,0,0.79,0,0.19,Sand
167,2014.SNH.PL49b,2014,SNH,55.46013333,-5.07895,9,0.46,0,0.25,0.27,0,0,Algae
168,2014.SNH.PL49a,2014,SNH,55.46125,-5.078733333,8,0.34,0.17,0.13,0.33,0,0,Algae
169,2014.SNH.PL48b,2014,SNH,55.44033333,-5.096083333,16,0,0,0.36,0.6,0,0,Gravel
170,2014.SNH.PL48a,2014,SNH,55.44146667,-5.0953,16,0,0.22,0.66,0.09,0,0,Gravel
171,2014.SNH.PL47b,2014,SNH,55.43248333,-5.102283333,30,0,0.03,0,0.94,0,0,Sand
172,2014.SNH.PL47a,2014,SNH,55.43196667,-5.101533333,31,0,0,0,0.97,0,0,Sand
173,2014.SNH.PL46b,2014,SNH,55.43086667,-5.115866667,8,0.98,0,0,0,0,0,Algae
174,2014.SNH.PL46a,2014,SNH,55.43331667,-5.115866667,10,0.02,0.3,0.13,0.51,0,0,Sand
175,2014.SNH.PL45b,2014,SNH,55.43451667,-5.1347,13,0.81,0.08,0,0,0,0,Algae
176,2014.SNH.PL45a,2014,SNH,55.43508333,-5.13195,13,0.47,0,0.5,0,0,0,Algae
177,2014.SNH.PL44b,2014,SNH,55.43235,-5.125316667,12,0.96,0,0,0,0,0,Algae
178,2014.SNH.PL44a,2014,SNH,55.43315,-5.12355,10,0.31,0.2,0.45,0,0,0,Gravel
179,2014.SNH.PL43b,2014,SNH,55.43688333,-5.124733333,8,0.62,0,0,0.34,0,0,Algae
180,2014.SNH.PL43a,2014,SNH,55.4375,-5.122016667,5,0.97,0,0,0,0,0,Algae
181,2014.SNH.PL42b,2014,SNH,55.4375,-5.098366667,20,0,0.26,0.71,0,0,0,Gravel
182,2014.SNH.PL42a,2014,SNH,55.43865,-5.0969,17,0,0.11,0.86,0,0,0,Gravel
183,2014.SNH.PL41b,2014,SNH,55.43485,-5.106616667,17,0,0.31,0.66,0,0,0,Gravel
184,2014.SNH.PL41a,2014,SNH,55.43603333,-5.104866667,12,0,0.18,0.79,0,0,0,Gravel
185,2014.SNH.PL40b,2014,SNH,55.43523333,-5.1111,9,0.39,0,0.56,0,0,0,Gravel
186,2014.SNH.PL40a,2014,SNH,55.4361,-5.1099,10,0.29,0.22,0.47,0,0,0,Gravel
187,2014.SNH.PL38b,2014,SNH,55.41971667,-5.121,17,0.03,0.39,0.56,0,0,0,Gravel
188,2014.SNH.PL38a,2014,SNH,55.42086667,-5.118783333,8,0.97,0,0,0,0,0,Algae
189,2014.SNH.PL37b,2014,SNH,55.43485,-5.126333333,11,0,0.09,0.88,0,0,0,Gravel
190,2014.SNH.PL37a,2014,SNH,55.43533333,-5.123333333,8,0.97,0,0,0,0,0,Algae
191,2014.SNH.PL36b,2014,SNH,55.43708333,-5.130333333,10,0.97,0,0,0,0,0,Algae
192,2014.SNH.PL36a,2014,SNH,55.43761667,-5.128916667,9,0.98,0,0,0,0,0,Gravel
193,2014.SNH.PL35b,2014,SNH,55.43356667,-5.13135,16,0,0.02,0.94,0,0,0,Gravel
194,2014.SNH.PL35a,2014,SNH,55.43548333,-5.1263,11,0.11,0.15,0.69,0,0,0,Gravel
195,2014.SNH.PL34b,2014,SNH,55.43618333,-5.1268,9,0.04,0.25,0.69,0,0,0,Gravel
196,2014.SNH.PL34a,2014,SNH,55.43646667,-5.12485,8,0.03,0.32,0.63,0,0,0,Gravel
197,2014.SNH.PL33b,2014,SNH,55.46241667,-5.076733333,10,0.08,0,0,0.88,0,0,Sand
198,2014.SNH.PL33a,2014,SNH,55.46368333,-5.0769,10,0,0,0,0.97,0,0,Sand
199,2014.SNH.PL32b,2014,SNH,55.46028333,-5.074283333,14,0,0.03,0.15,0.79,0,0,Sand
200,2014.SNH.PL32a,2014,SNH,55.46131667,-5.0744,15,0.09,0,0,0.89,0,0,Sand
201,2014.SNH.PL31b,2014,SNH,55.4567,-5.078416667,12,0.02,0.06,0,0.88,0,0,Sand
202,2014.SNH.PL31a,2014,SNH,55.45791667,-5.078283333,11,0.09,0,0,0.88,0,0,Sand
203,2014.SNH.PL30b,2014,SNH,55.45141667,-5.080083333,27,0,0,0.03,0.94,0,0,Sand
204,2014.SNH.PL30a,2014,SNH,55.4524,-5.08015,22,0,0.03,0,0.95,0,0,Sand
205,2014.SNH.PL29b,2014,SNH,55.43075,-5.136133333,19,0,0.44,0.2,0.34,0,0,Pebble
206,2014.SNH.PL29a,2014,SNH,55.4317,-5.135433333,18,0.54,0,0.19,0.23,0,0,Algae
207,2014.SNH.PL28b,2014,SNH,55.4343,-5.1567,16,0,0.22,0.73,0,0,0,Gravel
208,2014.SNH.PL28a,2014,SNH,55.43496667,-5.1561,15,0,0.08,0.9,0,0,0,Gravel
209,2014.SNH.PL27b,2014,SNH,55.43163333,-5.168283333,17,0,0,0.96,0,0,0,Gravel
210,2014.SNH.PL27a,2014,SNH,55.432,-5.168033333,16,0,0.17,0.79,0,0,0,Gravel
211,2014.SNH.PL26b,2014,SNH,55.44236667,-5.09085,15,0,0.21,0.74,0.03,0,0,Gravel
212,2014.SNH.PL26a,2014,SNH,55.44353333,-5.0904,15,0,0.09,0.89,0,0,0,Gravel
213,2014.SNH.PL25b,2014,SNH,55.44918333,-5.088433333,10,0.94,0,0.02,0,0,0,Algae
214,2014.SNH.PL25a,2014,SNH,55.44981667,-5.088066667,10,0.97,0,0,0,0,0,Algae
215,2014.SNH.PL24b,2014,SNH,55.44373333,-5.094583333,12,0.12,0,0.43,0.42,0,0,Gravel
216,2014.SNH.PL24a,2014,SNH,55.44478333,-5.09365,12,0.06,0.1,0.67,0.12,0,0,Gravel
217,2014.SNH.PL23b,2014,SNH,55.43663333,-5.112866667,5,0.97,0,0,0,0,0,Algae
218,2014.SNH.PL23a,2014,SNH,55.43728333,-5.112166667,5,0.98,0,0,0,0,0,Algae
219,2014.SNH.PL20b,2014,SNH,55.4383,-5.10305,11,0.03,0.02,0.92,0,0,0,Gravel
220,2014.SNH.PL20a,2014,SNH,55.43915,-5.101966667,12,0.02,0.19,0.75,0,0,0,Gravel
221,2014.SNH.PL19b,2014,SNH,55.43605,-5.107883333,10,0.08,0,0.89,0,0,0,Gravel
222,2014.SNH.PL19a,2014,SNH,55.43693333,-5.1059,10,0.19,0.12,0.66,0,0,0,Gravel
223,2014.SNH.PL18b,2014,SNH,55.43026667,-5.111366667,15,0.07,0.5,0.37,0,0,0,Pebble
224,2014.SNH.PL18a,2014,SNH,55.43146667,-5.109866667,15,0,0.08,0.9,0,0,0,Gravel
225,2014.SNH.PL17b,2014,SNH,55.43125,-5.10675,24,0,0.03,0,0.94,0,0,Sand
226,2014.SNH.PL17a,2014,SNH,55.43251667,-5.105383333,25,0,0,0.08,0.88,0,0,Sand
227,2014.SNH.PL16b,2014,SNH,55.4173,-5.12645,23,0,0.15,0.82,0,0,0,Gravel
228,2014.SNH.PL16a,2014,SNH,55.41868333,-5.126916667,21,0,0.05,0.91,0,0,0,Gravel
229,2014.SNH.PL15b,2014,SNH,55.42238333,-5.12385,11,0.98,0,0,0,0,0,Algae
230,2014.SNH.PL15a,2014,SNH,55.42386667,-5.1236,8,0.98,0,0,0,0,0,Algae
231,2014.SNH.PL14b,2014,SNH,55.42775,-5.1263,12,0.85,0,0.13,0,0,0,Algae
232,2014.SNH.PL14a,2014,SNH,55.42863333,-5.12495,11,0.97,0,0,0,0,0,Algae
233,2014.SNH.PL13b,2014,SNH,55.43771667,-5.157416667,6,0.98,0,0,0,0,0,Algae
234,2014.SNH.PL13a,2014,SNH,55.43805,-5.157,5,0.97,0,0,0,0,0,Algae
235,2014.SNH.PL12b,2014,SNH,55.43725,-5.151633333,10,0.97,0,0,0,0,0,Algae
236,2014.SNH.PL12a,2014,SNH,55.43778333,-5.150883333,9,0.98,0,0,0,0,0,Algae
237,2014.SNH.PL11b,2014,SNH,55.4342,-5.144166667,17,0,0,0.98,0,0,0,Gravel
238,2014.SNH.PL11a,2014,SNH,55.43515,-5.143716667,15,0,0.02,0.96,0,0,0,Gravel
239,2014.SNH.PL10b,2014,SNH,55.43233333,-5.132533333,16,0,0,0.85,0.13,0,0,Gravel
240,2014.SNH.PL10a,2014,SNH,55.43335,-5.131766667,15,0.05,0,0.92,0,0,0,Gravel
241,2014.SNH.PL09b,2014,SNH,55.43655,-5.1324,9,0.98,0,0,0,0,0,Algae
242,2014.SNH.PL09a,2014,SNH,55.43731667,-5.131966667,10,0.81,0,0.13,0,0,0,Algae
243,2014.SNH.PL08b,2014,SNH,55.43173333,-5.12635,12,0.98,0,0,0,0,0,Algae
244,2014.SNH.PL08a,2014,SNH,55.43228333,-5.12535,10,0.98,0,0,0,0,0,Algae
245,2014.SNH.PL07b,2014,SNH,55.42803333,-5.11215,17,0,0.04,0.18,0.76,0,0,Sand
246,2014.SNH.PL07a,2014,SNH,55.42893333,-5.110533333,20,0,0.09,0.21,0.67,0,0,Sand
247,2014.SNH.PL06b,2014,SNH,55.42955,-5.116216667,9,0.13,0,0,0.81,0,0,Sand
248,2014.SNH.PL06a,2014,SNH,55.43031667,-5.114783333,10,0.28,0,0.69,0,0,0,Gravel
249,2014.SNH.PL05b,2014,SNH,55.43085,-5.115666667,9,0.89,0,0.08,0,0,0,Algae
250,2014.SNH.PL05a,2014,SNH,55.4317,-5.114283333,9,0.24,0.03,0.72,0,0,0,Gravel
251,2014.SNH.PL04b,2014,SNH,55.43913333,-5.131433333,8,0.97,0,0,0,0,0,Algae
252,2014.SNH.PL04a,2014,SNH,55.43975,-5.130916667,6,0.97,0,0,0,0,0,Algae
253,2014.SNH.PL03b,2014,SNH,55.43566667,-5.12535,10,0.97,0,0,0,0,0,Algae
254,2014.SNH.PL03a,2014,SNH,55.43653333,-5.124366667,7,0.97,0,0,0,0,0,Algae
255,2014.SNH.PL02b,2014,SNH,55.43385,-5.114566667,8,0.07,0.12,0.78,0,0,0,Gravel
256,2014.SNH.PL02a,2014,SNH,55.43466667,-5.114166667,7,0.97,0,0,0,0,0,Algae
257,2014.SNH.PL01b,2014,SNH,55.43328333,-5.110766667,13,0.21,0.23,0.54,0,0,0,Gravel
258,2014.SNH.PL01a,2014,SNH,55.43423333,-5.110016667,11,0.7,0,0.28,0,0,0,Algae
259,2014.SNH.IR61b,2014,SNH,55.42875,-5.184033333,17,0.09,0.16,0.64,0.09,0,0,Gravel
260,2014.SNH.IR61a,2014,SNH,55.42876667,-5.183766667,17,0.12,0.09,0.77,0,0,0,Gravel
261,2014.SNH.IR60b,2014,SNH,55.4287,-5.2048,17,0.08,0.35,0.49,0.05,0,0,Gravel
262,2014.SNH.IR60a,2014,SNH,55.42891667,-5.204616667,17,0.21,0.12,0.53,0.09,0,0,Gravel
263,2014.SNH.IR59b,2014,SNH,55.42848333,-5.220233333,18,0,0.09,0.15,0.74,0,0,Sand
264,2014.SNH.IR59a,2014,SNH,55.429,-5.219233333,17,0,0.91,0,0.06,0,0,Pebble
265,2014.SNH.IR58b,2014,SNH,55.4275,-5.232366667,20,0,0.02,0.75,0.21,0,0,Gravel
266,2014.SNH.IR58a,2014,SNH,55.42825,-5.231166667,19,0,0.12,0.77,0.08,0,0,Gravel
267,2014.SNH.IR57b,2014,SNH,55.4286,-5.246483333,18,0.24,0.05,0.66,0,0,0,Gravel
268,2014.SNH.IR57a,2014,SNH,55.42918333,-5.245116667,17,0.08,0,0.9,0,0,0,Gravel
269,2014.SNH.IR56b,2014,SNH,55.43936667,-5.2906,18,0,0.27,0.71,0,0,0,Gravel
270,2014.SNH.IR56a,2014,SNH,55.43971667,-5.288983333,17,0.03,0.23,0.72,0,0,0,Gravel
271,2014.SNH.IR55b,2014,SNH,55.43971667,-5.295333333,14,0.33,0.08,0.57,0,0,0,Gravel
272,2014.SNH.IR55a,2014,SNH,55.44026667,-5.293433333,16,0,0.12,0.86,0,0,0,Gravel
273,2014.SNH.IR54b,2014,SNH,55.43828333,-5.296433333,16,0.76,0,0.22,0,0,0,Algae
274,2014.SNH.IR54a,2014,SNH,55.43855,-5.296933333,15,0.17,0.3,0.51,0,0,0,Gravel
275,2014.SNH.IR53b,2014,SNH,55.43505,-5.251766667,6,0.97,0,0,0,0,0,Algae
276,2014.SNH.IR53a,2014,SNH,55.43553333,-5.250716667,5,0.98,0,0,0,0,0,Algae
277,2014.SNH.IR52b,2014,SNH,55.43105,-5.2532,14,0.76,0.21,0,0,0,0,Algae
278,2014.SNH.IR52a,2014,SNH,55.43161667,-5.252466667,14,0.66,0.31,0,0,0,0,Algae
279,2014.SNH.IR51b,2014,SNH,55.42538333,-5.2556,27,0,0,0,0.97,0,0,Sand
280,2014.SNH.IR51a,2014,SNH,55.426,-5.25445,26,0,0.12,0,0.86,0,0,Sand
281,2014.SNH.IR50b,2014,SNH,55.4335,-5.2914,17,0.28,0.63,0.06,0,0,0,Pebble
282,2014.SNH.IR50a,2014,SNH,55.43385,-5.291783333,17,0.57,0.08,0.32,0,0,0,Algae
283,2014.SNH.IR49b,2014,SNH,55.43451667,-5.30415,21,0,0.09,0.85,0.04,0,0,Gravel
284,2014.SNH.IR49a,2014,SNH,55.43451667,-5.30415,21,0,0.08,0.9,0,0,0,Gravel
285,2014.SNH.IR48b,2014,SNH,55.42718333,-5.278816667,25,0,0.13,0.83,0.02,0,0,Gravel
286,2014.SNH.IR48a,2014,SNH,55.4275,-5.27755,26,0,0.06,0,0.92,0,0,Sand
287,2014.SNH.IR47b,2014,SNH,55.42776667,-5.2927,24,0,0,0,0.97,0,0,Sand
288,2014.SNH.IR47a,2014,SNH,55.4281,-5.293083333,24,0,0.2,0.61,0.16,0,0,Gravel
289,2014.SNH.IR46b,2014,SNH,55.43055,-5.309666667,27,0,0.11,0,0.87,0,0,Sand
290,2014.SNH.IR46a,2014,SNH,55.4307,-5.310033333,27,0,0.11,0,0.87,0,0,Sand
291,2014.SNH.IR45b,2014,SNH,55.43715,-5.318933333,19,0,0.09,0.68,0.2,0,0,Gravel
292,2014.SNH.IR45a,2014,SNH,55.43701667,-5.3193,19,0,0,0.89,0.08,0,0,Gravel
293,2014.SNH.IR44b,2014,SNH,55.44138333,-5.322983333,20,0,0.36,0.61,0,0,0,Gravel
294,2014.SNH.IR44a,2014,SNH,55.44126667,-5.32325,20,0,0,0.97,0,0,0,Gravel
295,2014.SNH.IR43b,2014,SNH,55.44528333,-5.316866667,19,0,0.09,0.8,0.09,0,0,Gravel
296,2014.SNH.IR43a,2014,SNH,55.4453,-5.316883333,19,0,0.09,0.58,0.3,0,0,Gravel
297,2014.SNH.IR42b,2014,SNH,55.45366667,-5.311,4,0.97,0,0,0,0,0,Algae
298,2014.SNH.IR42a,2014,SNH,55.45375,-5.311416667,4,0.97,0,0,0,0,0,Algae
299,2014.SNH.IR41b,2014,SNH,55.45208333,-5.318766667,13,0.83,0.11,0.03,0,0,0,Algae
300,2014.SNH.IR41a,2014,SNH,55.45196667,-5.319116667,13,0.85,0,0.12,0,0,0,Algae
301,2014.SNH.IR40b,2014,SNH,55.45063333,-5.329233333,23,0,0,0.97,0,0,0,Gravel
302,2014.SNH.IR40a,2014,SNH,55.4505,-5.329083333,22,0.02,0,0.95,0,0,0,Gravel
303,2014.SNH.IR39b,2014,SNH,55.45898333,-5.308166667,4,0.98,0,0,0,0,0,Algae
304,2014.SNH.IR39a,2014,SNH,55.45905,-5.308466667,4,0.98,0,0,0,0,0,Algae
305,2014.SNH.IR38b,2014,SNH,55.45735,-5.318166667,7,0.87,0,0.12,0,0,0,Algae
306,2014.SNH.IR38a,2014,SNH,55.45736667,-5.317966667,6,0.84,0,0.13,0,0,0,Algae
307,2014.SNH.IR37b,2014,SNH,55.45676667,-5.327016667,15,0,0.16,0.81,0,0,0,Gravel
308,2014.SNH.IR37a,2014,SNH,55.45655,-5.326966667,15,0,0.12,0.83,0,0,0,Gravel
309,2014.SNH.IR36b,2014,SNH,55.46116667,-5.317033333,2,0.9,0,0.05,0,0,0,Algae
310,2014.SNH.IR36a,2014,SNH,55.46116667,-5.31695,2,0.98,0,0,0,0,0,Algae
311,2014.SNH.IR35b,2014,SNH,55.46016667,-5.326466667,15,0.05,0.29,0.55,0.08,0,0,Gravel
312,2014.SNH.IR35a,2014,SNH,55.46006667,-5.326483333,16,0.02,0,0.95,0,0,0,Gravel
313,2014.SNH.IR34b,2014,SNH,55.45888333,-5.33285,21,0,0.12,0.66,0.2,0,0,Gravel
314,2014.SNH.IR34a,2014,SNH,55.4587,-5.332866667,21,0,0.08,0.66,0.24,0,0,Gravel
315,2014.SNH.IR33b,2014,SNH,55.43656667,-5.258466667,4,0.97,0,0,0,0,0,Algae
316,2014.SNH.IR33a,2014,SNH,55.4371,-5.257216667,5,0.99,0,0,0,0,0,Algae
317,2014.SNH.IR32b,2014,SNH,55.4341,-5.261283333,12,0.97,0,0,0,0,0,Algae
318,2014.SNH.IR32a,2014,SNH,55.4346,-5.260083333,9,0.98,0,0,0,0,0,Algae
319,2014.SNH.IR31b,2014,SNH,55.42886667,-5.262166667,22,0,0.36,0.47,0.14,0,0,Gravel
320,2014.SNH.IR31a,2014,SNH,55.4293,-5.260866667,21,0,0.38,0.42,0.18,0,0,Gravel
321,2014.SNH.IR30b,2014,SNH,55.44088333,-5.260283333,3,0.97,0,0,0,0,0,Algae
322,2014.SNH.IR30a,2014,SNH,55.4414,-5.2599,3,0.97,0,0,0,0,0,Algae
323,2014.SNH.IR25b,2014,SNH,55.44371667,-5.2666,5,0.98,0,0,0,0,0,Algae
324,2014.SNH.IR25a,2014,SNH,55.4443,-5.265883333,5,0.97,0,0,0,0,0,Algae
325,2014.SNH.IR24b,2014,SNH,55.44645,-5.271833333,5,0.99,0,0,0,0,0,Algae
326,2014.SNH.IR24a,2014,SNH,55.44686667,-5.271416667,4,0.72,0.05,0.2,0,0,0,Algae
327,2014.SNH.IR23b,2014,SNH,55.44941667,-5.280983333,4,0.97,0,0,0,0,0,Algae
328,2014.SNH.IR23a,2014,SNH,55.4495,-5.28165,3,0.99,0,0,0,0,0,Algae
329,2014.SNH.IR22b,2014,SNH,55.4522,-5.28995,7,0.97,0,0,0,0,0,Algae
330,2014.SNH.IR22a,2014,SNH,55.45241667,-5.290233333,7,0.96,0,0,0,0,0,Algae
331,2014.SNH.IR21b,2014,SNH,55.45565,-5.296633333,4,0.69,0,0.29,0,0,0,Algae
332,2014.SNH.IR21a,2014,SNH,55.45573333,-5.297283333,4,0.99,0,0,0,0,0,Algae
333,2014.SNH.IR20b,2014,SNH,55.45288333,-5.301483333,9,0.93,0.02,0.03,0,0,0,Algae
334,2014.SNH.IR20a,2014,SNH,55.45298333,-5.301233333,9,0.99,0,0,0,0,0,Algae
335,2014.SNH.IR19b,2014,SNH,55.44891667,-5.304483333,9,0.99,0,0,0,0,0,Algae
336,2014.SNH.IR19a,2014,SNH,55.44913333,-5.304883333,7,0.99,0,0,0,0,0,Algae
337,2014.SNH.IR18b,2014,SNH,55.44541667,-5.308683333,12,0.99,0,0,0,0,0,Algae
338,2014.SNH.IR18a,2014,SNH,55.44546667,-5.30905,13,0.85,0,0.12,0,0,0,Algae
339,2014.SNH.IR17b,2014,SNH,55.44745,-5.298933333,8,0.9,0,0.08,0,0,0,Algae
340,2014.SNH.IR17a,2014,SNH,55.44756667,-5.29945,9,0.97,0,0,0,0,0,Algae
341,2014.SNH.IR16b,2014,SNH,55.44243333,-5.303866667,15,0.84,0,0.15,0,0,0,Algae
342,2014.SNH.IR16a,2014,SNH,55.4426,-5.304366667,15,0.81,0,0.17,0,0,0,Algae
343,2014.SNH.IR15b,2014,SNH,55.43723333,-5.26415,9,0.97,0,0,0,0,0,Algae
344,2014.SNH.IR15a,2014,SNH,55.43763333,-5.263016667,9,0.99,0,0,0,0,0,Algae
345,2014.SNH.IR14b,2014,SNH,55.43211667,-5.268133333,16,0.51,0.1,0.36,0,0,0,Algae
346,2014.SNH.IR14a,2014,SNH,55.43245,-5.266733333,14,0.92,0.06,0,0,0,0,Algae
347,2014.SNH.IR13b,2014,SNH,55.42578333,-5.268966667,26,0,0,0.05,0.94,0,0,Sand
348,2014.SNH.IR13a,2014,SNH,55.42626667,-5.2677,25,0,0,0.05,0.92,0,0,Sand
349,2014.SNH.IR12b,2014,SNH,55.44011667,-5.271016667,8,0.94,0,0.03,0,0,0,Algae
350,2014.SNH.IR12a,2014,SNH,55.44068333,-5.269766667,8,0.99,0,0,0,0,0,Algae
351,2014.SNH.IR11b,2014,SNH,55.43728333,-5.275,13,0.98,0,0,0,0,0,Algae
352,2014.SNH.IR11a,2014,SNH,55.43766667,-5.273566667,12,0.98,0,0,0,0,0,Algae
353,2014.SNH.IR10b,2014,SNH,55.43301667,-5.277583333,17,0.39,0.4,0.19,0,0,0,Pebble
354,2014.SNH.IR10a,2014,SNH,55.43335,-5.275383333,15,0.9,0.07,0,0,0,0,Algae
355,2014.SNH.IR09b,2014,SNH,55.44328333,-5.274366667,10,0.9,0,0.09,0,0,0,Algae
356,2014.SNH.IR09a,2014,SNH,55.44363333,-5.275083333,10,0.96,0,0,0,0,0,Algae
357,2014.SNH.IR08b,2014,SNH,55.43921667,-5.279633333,15,0.73,0.05,0.16,0,0,0,Algae
358,2014.SNH.IR08a,2014,SNH,55.43943333,-5.279933333,15,0.5,0.03,0.44,0,0,0,Algae
359,2014.SNH.IR07b,2014,SNH,55.43535,-5.282433333,20,0,0,0.97,0,0,0,Gravel
360,2014.SNH.IR07a,2014,SNH,55.43565,-5.282833333,20,0,0,0.96,0,0,0,Gravel
361,2014.SNH.IR06b,2014,SNH,55.44681667,-5.28415,10,0.99,0,0,0,0,0,Algae
362,2014.SNH.IR06a,2014,SNH,55.44695,-5.284666667,10,0.99,0,0,0,0,0,Algae
363,2014.SNH.IR05b,2014,SNH,55.44171667,-5.288683333,15,0.57,0.09,0.31,0,0,0,Algae
364,2014.SNH.IR05a,2014,SNH,55.44186667,-5.2896,16,0.57,0,0.4,0,0,0,Algae
365,2014.SNH.IR04b,2014,SNH,55.43755,-5.292866667,20,0,0.02,0.96,0,0,0,Gravel
366,2014.SNH.IR04a,2014,SNH,55.4377,-5.293333333,20,0,0.06,0.92,0,0,0,Gravel
367,2014.SNH.IR03b,2014,SNH,55.43325,-5.29235,11,0.87,0.1,0,0,0,0,Algae
368,2014.SNH.IR03a,2014,SNH,55.43333333,-5.292866667,10,0.93,0.04,0,0,0,0,Algae
369,2014.SNH.IR02b,2014,SNH,55.44293333,-5.297716667,12,0.99,0,0,0,0,0,Algae
370,2014.SNH.IR02a,2014,SNH,55.44316667,-5.298133333,10,0.98,0,0,0,0,0,Algae
371,2014.SNH.IR01b,2014,SNH,55.43885,-5.29905,15,0.88,0.06,0.04,0,0,0,Algae
372,2014.SNH.IR01a,2014,SNH,55.43906667,-5.2997,15,0.31,0.17,0.51,0,0,0,Gravel
373,2014.SNH.HINX2b,2014,SNH,55.53743333,-5.077366667,6,0.31,0.03,0.65,0,0,0,Gravel
374,2014.SNH.HINX2a,2014,SNH,55.53781667,-5.077083333,7,0.34,0.65,0,0,0,0,Pebble
375,2014.SNH.HINX1b,2014,SNH,55.53578333,-5.074216667,6,0.97,0,0,0,0,0,Algae
376,2014.SNH.HINX1a,2014,SNH,55.53633333,-5.07415,7,0.25,0,0.73,0,0,0,Gravel
377,2014.SNH.HIN08b,2014,SNH,55.53013333,-5.069133333,15,0.02,0.14,0.55,0.27,0,0,Gravel
378,2014.SNH.HIN08a,2014,SNH,55.53036667,-5.069466667,13,0,0.8,0,0.16,0,0,Pebble
379,2014.SNH.HIN07b,2014,SNH,55.52708333,-5.06605,8,0,0.03,0.72,0.2,0,0,Gravel
380,2014.SNH.HIN07a,2014,SNH,55.52735,-5.066283333,14,0,0.2,0.65,0.1,0,0,Gravel
381,2014.SNH.HIN06b,2014,SNH,55.52436667,-5.063066667,9,0.29,0.09,0.6,0,0,0,Gravel
382,2014.SNH.HIN06a,2014,SNH,55.5245,-5.063283333,9,0.37,0,0,0.6,0,0,Sand
383,2014.SNH.HIN05b,2014,SNH,55.52155,-5.0614,7,0.2,0.04,0,0.74,0,0,Sand
384,2014.SNH.HIN05a,2014,SNH,55.52166667,-5.0616,7,0.45,0,0.05,0.49,0,0,Sand
385,2014.SNH.HIN04b,2014,SNH,55.53805,-5.077483333,7,0.41,0.06,0.52,0,0,0,Gravel
386,2014.SNH.HIN04a,2014,SNH,55.53871667,-5.077566667,7,0.58,0,0.4,0,0,0,Algae
387,2014.SNH.HIN03b,2014,SNH,55.53695,-5.075266667,7,0.29,0.08,0.61,0,0,0,Gravel
388,2014.SNH.HIN03a,2014,SNH,55.53711667,-5.075916667,7,0.97,0,0,0,0,0,Algae
389,2014.SNH.HIN02b,2014,SNH,55.53486667,-5.07215,7,0.57,0.04,0.38,0,0,0,Algae
390,2014.SNH.HIN02a,2014,SNH,55.53563333,-5.0723,7,0.32,0,0.67,0,0,0,Gravel
391,2014.SNH.HIN01b,2014,SNH,55.53243333,-5.070733333,7,0,0.76,0.16,0,0,0,Pebble
392,2014.SNH.HIN01a,2014,SNH,55.53263333,-5.070866667,12,0,0.06,0.9,0,0,0,Gravel
393,2014.SNH.HI23b,2014,SNH,55.51065,-5.057216667,17,0,0,0.45,0,0,0,Gravel
394,2014.SNH.HI23a,2014,SNH,55.51128333,-5.057716667,15,0,0,0.42,0,0,0,Gravel
395,2014.SNH.HI22b,2014,SNH,55.51011667,-5.061916667,10,0.42,0,0.56,0,0,0,Gravel
396,2014.SNH.HI22a,2014,SNH,55.51078333,-5.062083333,9,0,0.12,0.87,0,0,0,Gravel
397,2014.SNH.HI21b,2014,SNH,55.5094,-5.066866667,12,0.36,0,0.55,0.08,0,0,Gravel
398,2014.SNH.HI21a,2014,SNH,55.50983333,-5.066666667,9,0.12,0.11,0.75,0,0,0,Gravel
399,2014.SNH.HI20b,2014,SNH,55.5061,-5.0642,13,0.43,0.18,0.37,0,0,0,Algae
400,2014.SNH.HI20a,2014,SNH,55.50638333,-5.064133333,12,0.28,0.12,0.59,0,0,0,Gravel
401,2014.SNH.HI19.18b,2014,SNH,55.50451667,-5.065666667,22,0,0,0,0.89,0,0,Sand
402,2014.SNH.HI19.18a,2014,SNH,55.50473333,-5.065766667,21,0.03,0.17,0.12,0.64,0,0,Sand
403,2014.SNH.HI19b,2014,SNH,55.5071,-5.0655,12,0.1,0.03,0.56,0.25,0,0,Gravel
404,2014.SNH.HI19a,2014,SNH,55.50753333,-5.065216667,12,0,0.07,0.72,0.18,0,0,Gravel
405,2014.SNH.HI18b,2014,SNH,55.51363333,-5.0722,9,0.97,0,0,0,0,0,Algae
406,2014.SNH.HI18a,2014,SNH,55.51456667,-5.072516667,10,0.97,0,0,0,0,0,Algae
407,2014.SNH.HI17b,2014,SNH,55.5118,-5.071483333,12,0.31,0.03,0.63,0,0,0,Gravel
408,2014.SNH.HI17a,2014,SNH,55.51293333,-5.07165,10,0.78,0.02,0.18,0,0,0,Algae
409,2014.SNH.HI16b,2014,SNH,55.51318333,-5.06025,8,0.26,0.15,0.56,0,0,0,Gravel
410,2014.SNH.HI16a,2014,SNH,55.51364,-5.060559,8,0.76,0.13,0.06,0,0,0,Algae
411,2014.SNH.HI15b,2014,SNH,55.511,-5.066116667,7,0.96,0,0,0,0,0,Algae
412,2014.SNH.HI15a,2014,SNH,55.51121667,-5.06615,5,0.99,0,0,0,0,0,Algae
413,2014.SNH.HI14b,2014,SNH,55.51035,-5.069966667,13,0,0,0.99,0,0,0,Gravel
414,2014.SNH.HI14a,2014,SNH,55.51088333,-5.070216667,7,0.39,0.11,0.44,0,0,0,Gravel
415,2014.SNH.HI13b,2014,SNH,55.50425,-5.06485,23,0,0.04,0.26,0.65,0,0,Sand
416,2014.SNH.HI13a,2014,SNH,55.5051,-5.06485,20,0,0,0,0.88,0,0,Sand
417,2014.SNH.HI12b,2014,SNH,55.50515,-5.061483333,27,0,0,0,0.92,0,0,Sand
418,2014.SNH.HI12a,2014,SNH,55.50591667,-5.0612,25,0,0.12,0.29,0.52,0,0,Sand
419,2014.SNH.HI11b,2014,SNH,55.50741667,-5.059216667,27,0,0,0,0.96,0,0,Sand
420,2014.SNH.HI11a,2014,SNH,55.50828333,-5.058866667,25,0,0,0.22,0.72,0,0,Sand
421,2014.SNH.HI10b,2014,SNH,55.50911667,-5.059466667,22,0,0,0.81,0.13,0,0,Gravel
422,2014.SNH.HI10a,2014,SNH,55.50983333,-5.059366667,21,0.13,0.02,0.33,0.49,0,0,Sand
423,2014.SNH.HI09b,2014,SNH,55.50773333,-5.06265,13,0,0.1,0.85,0,0,0,Gravel
424,2014.SNH.HI09a,2014,SNH,55.50855,-5.06265,13,0.25,0.07,0.66,0,0,0,Gravel
425,2014.SNH.HI04b,2014,SNH,55.51845,-5.059416667,10,0,0,0,0.99,0,0,Sand
426,2014.SNH.HI04a,2014,SNH,55.51878333,-5.059433333,10,0.32,0,0,0.67,0,0,Sand
427,2014.SNH.HI03b,2014,SNH,55.51651667,-5.0591,10,0.97,0,0,0,0,0,Algae
428,2014.SNH.HI03a,2014,SNH,55.51691667,-5.058366667,6,0.6,0,0,0.37,0,0,Algae
429,2014.SNH.HI02b,2014,SNH,55.51171667,-5.060466667,10,0.31,0.08,0.6,0,0,0,Gravel
430,2014.SNH.HI02a,2014,SNH,55.51215,-5.06025,10,0.09,0.12,0.45,0.02,0,0,Gravel
431,2014.SNH.HI01b,2014,SNH,55.51016667,-5.064316667,11,0.96,0,0,0,0,0,Algae
432,2014.SNH.HI01a,2014,SNH,55.51046667,-5.063783333,10,0.97,0,0,0,0,0,Algae
433,2014.SNH.D14b,2014,SNH,55.48556667,-5.3399,15,0.1,0.15,0.7,0,0,0,Gravel
434,2014.SNH.D14a,2014,SNH,55.48516667,-5.339,14,0,0.02,0.94,0,0,0,Gravel
435,2014.SNH.D13b,2014,SNH,55.47393333,-5.337766667,15,0,0.02,0.28,0.69,0,0,Sand
436,2014.SNH.D13a,2014,SNH,55.4739,-5.337316667,16,0,0.03,0.22,0.63,0,0,Sand
437,2014.SNH.D12b,2014,SNH,55.49443333,-5.351233333,12,0.08,0,0.66,0.25,0,0,Gravel
438,2014.SNH.D12a,2014,SNH,55.49386667,-5.350683333,9,0.52,0.14,0.31,0,0,0,Algae
439,2014.SNH.D11b,2014,SNH,55.46878333,-5.325333333,6,0.96,0,0,0,0,0,Algae
440,2014.SNH.D11a,2014,SNH,55.46888333,-5.325183333,6,0.99,0,0,0,0,0,Algae
441,2014.SNH.D10b,2014,SNH,55.482,-5.3322,11,0.97,0,0,0,0,0,Algae
442,2014.SNH.D10a,2014,SNH,55.48181667,-5.331866667,10,0.14,0.1,0.75,0,0,0,Gravel
443,2014.SNH.D09b,2014,SNH,55.49526667,-5.338883333,8,0.83,0.11,0,0,0,0,Algae
444,2014.SNH.D09a,2014,SNH,55.49471667,-5.3385,8,0.92,0,0,0,0,0,Algae
445,2014.SNH.D08b,2014,SNH,55.50205,-5.352733333,9,0.96,0,0,0,0,0,Algae
446,2014.SNH.D08a,2014,SNH,55.50205,-5.352733333,9,0.95,0,0,0,0,0,Algae
447,2014.SNH.D07b,2014,SNH,55.51228333,-5.358916667,9,0.37,0,0,0.57,0,0,Sand
448,2014.SNH.D07a,2014,SNH,55.51175,-5.358783333,9,0.11,0.02,0.05,0.78,0,0,Sand
449,2014.SNH.D06b,2014,SNH,55.51691667,-5.356383333,8,0.41,0.02,0.55,0,0,0,Algae
450,2014.SNH.D06a,2014,SNH,55.51636667,-5.35695,8,0.99,0,0,0,0,0,Algae
451,2014.SNH.D05b,2014,SNH,55.51295,-5.364783333,27,0,0.04,0.18,0.73,0,0,Sand
452,2014.SNH.D05a,2014,SNH,55.51226667,-5.364633333,26,0,0.28,0,0.69,0,0,Sand
453,2014.SNH.D04b,2014,SNH,55.50253333,-5.364516667,17,0,0.05,0.93,0,0,0,Gravel
454,2014.SNH.D04a,2014,SNH,55.50311667,-5.364733333,17,0,0.04,0.93,0,0,0,Gravel
455,2014.SNH.D03b,2014,SNH,55.48885,-5.35785,24,0,0.03,0.81,0.14,0,0,Gravel
456,2014.SNH.D03a,2014,SNH,55.48936667,-5.3582,24,0,0.04,0.62,0.32,0,0,Gravel
457,2014.SNH.D02b,2014,SNH,55.47581667,-5.34915,23,0,0,0.32,0.63,0,0,Sand
458,2014.SNH.D02a,2014,SNH,55.47605,-5.349083333,23,0,0.19,0.79,0,0,0,Gravel
459,2014.SNH.D01b,2014,SNH,55.46735,-5.34215,23,0,0.12,0.58,0.25,0,0,Gravel
460,2014.SNH.D01a,2014,SNH,55.46735,-5.342533333,23,0,0,0.97,0,0,0,Gravel
461,2014.SNH.CP7b,2014,SNH,55.56118333,-5.092266667,14,0.05,0,0,0.9,0,0,Sand
462,2014.SNH.CP7a,2014,SNH,55.56178333,-5.092516667,13,0.15,0.08,0.16,0.59,0,0,Sand
463,2014.SNH.CP6b,2014,SNH,55.56191667,-5.088166667,22,0,0,0,0.81,0,0,Sand
464,2014.SNH.CP6a,2014,SNH,55.5624,-5.088083333,21,0,0.12,0.77,0.1,0,0,Gravel
465,2014.SNH.CP5b,2014,SNH,55.55943333,-5.09195,8,0.06,0,0,0.92,0,0,Sand
466,2014.SNH.CP5a,2014,SNH,55.55991667,-5.092216667,13,0.06,0,0.12,0.8,0,0,Sand
467,2014.SNH.CP4b,2014,SNH,55.55773333,-5.0887,17,0.3,0,0.51,0.15,0,0,Gravel
468,2014.SNH.CP4a,2014,SNH,55.55823333,-5.089083333,20,0.1,0.08,0.21,0.54,0,0,Sand
469,2014.SNH.CP21b,2014,SNH,55.57108333,-5.10535,7,0.5,0.02,0.05,0.4,0,0,Algae
470,2014.SNH.CP21a,2014,SNH,55.57105,-5.105116667,7,0.93,0,0,0,0,0,Algae
471,2014.SNH.CP19b,2014,SNH,55.57048333,-5.1035,9,0,0.12,0,0.86,0,0,Sand
472,2014.SNH.CP19a,2014,SNH,55.57106667,-5.101916667,30,0,0,0,0.99,0,0,Sand
473,2014.SNH.CP18b,2014,SNH,55.55246667,-5.0816,13,0,0,0.08,0.9,0,0,Sand
474,2014.SNH.CP18a,2014,SNH,55.5529,-5.081833333,15,0,0.08,0.28,0.6,0,0,Sand
475,2014.SNH.CP16b,2014,SNH,55.55445,-5.083966667,16,0,0,0.66,0.3,0,0,Gravel
476,2014.SNH.CP16a,2014,SNH,55.55466667,-5.084066667,16,0,0,0,0.92,0,0,Sand
477,2014.SNH.CP15b,2014,SNH,55.55655,-5.08775,10,0.28,0,0.05,0.64,0,0,Sand
478,2014.SNH.CP15a,2014,SNH,55.5571,-5.08825,15,0.27,0.03,0,0.68,0,0,Sand
479,2014.SNH.CP14b,2014,SNH,55.56325,-5.093316667,19,0.11,0,0,0.8,0,0,Sand
480,2014.SNH.CP14a,2014,SNH,55.56388333,-5.092933333,21,0.12,0.03,0.24,0.5,0,0,Sand
481,2014.SNH.CP11b,2014,SNH,55.56848333,-5.102133333,9,0.35,0,0,0.6,0,0,Sand
482,2014.SNH.CP11a,2014,SNH,55.56875,-5.101483333,24,0,0.09,0.9,0,0,0,Gravel
483,2014.SNH.CP10b,2014,SNH,55.56675,-5.100016667,6,0,0,0.06,0.81,0,0,Sand
484,2014.SNH.CP10a,2014,SNH,55.5674,-5.0989,25,0,0.06,0.1,0.69,0,0,Sand
485,2014.SNH.CP09b,2014,SNH,55.56578333,-5.097116667,11,0.05,0.04,0.35,0.35,0,0,Gravel
486,2014.SNH.CP09a,2014,SNH,55.56613333,-5.096566667,13,0,0.16,0.21,0.6,0,0,Sand
487,2014.SNH.CP02b,2014,SNH,55.55081667,-5.080333333,9,0.22,0.04,0.06,0.56,0,0,Sand
488,2014.SNH.CP02a,2014,SNH,55.55111667,-5.080133333,15,0,0.03,0,0.89,0,0,Sand
489,2014.SNH.CP01b,2014,SNH,55.5555,-5.085816667,14,0,0,0,0.93,0,0,Sand
490,2014.SNH.CP01a,2014,SNH,55.55573333,-5.0862,14,0.05,0,0,0.91,0,0,Sand
491,2013.SNH.X6b,2013,SNH,55.490639,-5.038215,70,0,0,0,0,0.98,0,Mud
492,2013.SNH.X6a,2013,SNH,55.489391,-5.039052,70,0,0,0,0,0.97,0,Mud
493,2013.SNH.X5b,2013,SNH,55.503788,-5.077413,16,0.06,0,0,0.92,0,0,Sand
494,2013.SNH.X5a,2013,SNH,55.503338,-5.078715,16,0.6,0.02,0.25,0,0,0,Algae
495,2013.SNH.X4b,2013,SNH,55.49654,-5.084158,14,0.99,0,0,0,0,0,Algae
496,2013.SNH.X4a,2013,SNH,55.496101,-5.084499,14,0.55,0,0.36,0,0,0,Algae
497,2013.SNH.X3b,2013,SNH,55.474895,-5.080941,18,0.05,0,0,0.92,0,0,Sand
498,2013.SNH.X3a,2013,SNH,55.473942,-5.080946,18,0.36,0,0.4,0,0,0,Gravel
499,2013.SNH.X2b,2013,SNH,55.482521,-5.085333,13,0,0,0,0.98,0,0,Sand
500,2013.SNH.X2a,2013,SNH,55.481548,-5.086,13,0,0,0,0.98,0,0,Sand
501,2013.SNH.X1b,2013,SNH,55.468067,-5.074193,10,0,0,0,0.98,0,0,Sand
502,2013.SNH.X1a,2013,SNH,55.466251,-5.075035,10,0.19,0,0,0.44,0,0,Sand
503,2013.SNH.V86b,2013,SNH,55.571964,-5.007623,93,0,0,0,0,0.99,0,Mud
504,2013.SNH.V86a,2013,SNH,55.571468,-5.008441,93,0,0,0,0,0.99,0,Mud
505,2013.SNH.V85b,2013,SNH,55.570721,-5.036502,96,0,0,0,0,0.99,0,Mud
506,2013.SNH.V85a,2013,SNH,55.57024,-5.036976,96,0,0,0,0,0.99,0,Mud
507,2013.SNH.V84b,2013,SNH,55.569366,-5.09087,32,0,0,0,0.99,0,0,Sand
508,2013.SNH.V84a,2013,SNH,55.568878,-5.091314,32,0,0,0,0.99,0,0,Sand
509,2013.SNH.V83b,2013,SNH,55.559555,-5.078355,35,0,0,0,0.98,0,0,Sand
510,2013.SNH.V83a,2013,SNH,55.559517,-5.078716,35,0,0,0,0.98,0,0,Sand
511,2013.SNH.V82b,2013,SNH,55.557899,-5.031466,95,0,0,0,0,0.99,0,Mud
512,2013.SNH.V82a,2013,SNH,55.557487,-5.032146,95,0,0,0,0,0.99,0,Mud
513,2013.SNH.V81b,2013,SNH,55.528461,-5.049908,60,0,0,0,0,0.99,0,Mud
514,2013.SNH.V81a,2013,SNH,55.52787,-5.050629,60,0,0,0,0,0.98,0,Mud
515,2013.SNH.V80b,2013,SNH,55.536369,-5.02033,88,0,0,0,0,0.98,0,Mud
516,2013.SNH.V80a,2013,SNH,55.535713,-5.021141,88,0,0,0,0,0.98,0,Mud
517,2013.SNH.V79b,2013,SNH,55.518494,-5.024895,76,0,0,0,0,0.98,0,Mud
518,2013.SNH.V79a,2013,SNH,55.517639,-5.025119,76,0,0,0,0,0.99,0,Mud
519,2013.SNH.V78b,2013,SNH,55.531155,-4.984494,105,0,0,0,0,0.98,0,Mud
520,2013.SNH.78a,2013,SNH,55.530384,-4.984835,105,0,0,0,0,0.98,0,Mud
521,2013.SNH.V77b,2013,SNH,55.504188,-4.979923,105,0,0,0,0,0.98,0,Mud
522,2013.SNH.V77a,2013,SNH,55.503586,-4.9806,105,0,0,0,0,0.99,0,Mud
523,2013.SNH.V76b,2013,SNH,55.496574,-5.010847,108,0,0,0,0,0.99,0,Mud
524,2013.SNH.V76a,2013,SNH,55.495857,-5.011268,108,0,0,0,0,0.99,0,Mud
525,2013.SNH.V75b,2013,SNH,55.480957,-4.988677,95,0,0,0,0,0.99,0,Mud
526,2013.SNH.V75a,2013,SNH,55.48019,-4.988701,95,0,0,0,0,0.99,0,Mud
527,2013.SNH.V74a,2013,SNH,55.474193,-5.02583,105,0,0,0,0,0.99,0,Mud
528,2013.SNH.V73b,2013,SNH,55.500145,-5.034566,49,0,0.02,0,0,0.96,0,Mud
529,2013.SNH.V73a,2013,SNH,55.499332,-5.035808,49,0,0,0,0,0.97,0,Mud
530,2013.SNH.V72b,2013,SNH,55.51527,-5.056018,22,0,0,0,0.98,0,0,Sand
531,2013.SNH.V72a,2013,SNH,55.514984,-5.05708,22,0.02,0.02,0,0.95,0,0,Sand
532,2013.SNH.V71b,2013,SNH,55.507038,-5.063913,12,0,0.02,0.96,0,0,0,Gravel
533,2013.SNH.V71a,2013,SNH,55.50787,-5.061765,19,0,0.02,0.78,0.18,0,0,Gravel
534,2013.SNH.V70b,2013,SNH,55.498772,-5.074877,30,0,0,0,0.97,0,0,Sand
535,2013.SNH.V70a,2013,SNH,55.500488,-5.071738,32,0,0,0,0.97,0,0,Sand
536,2013.SNH.V69b,2013,SNH,55.483809,-5.069511,43,0,0,0,0.81,0,0,Sand
537,2013.SNH.V69a,2013,SNH,55.485653,-5.06708,44,0,0,0,0,0.96,0,Mud
538,2013.SNH.V68b,2013,SNH,55.472786,-5.059155,54,0,0,0,0,0.97,0,Mud
539,2013.SNH.V68a,2013,SNH,55.473911,-5.058236,51,0,0,0,0,0.98,0,Mud
540,2013.SNH.V67b,2013,SNH,55.487976,-5.088053,14,0.11,0,0,0.85,0,0,Sand
541,2013.SNH.V67a,2013,SNH,55.487461,-5.088652,14,0,0,0,0.98,0,0,Sand
542,2013.SNH.V66b,2013,SNH,55.473351,-5.077055,31,0,0,0,0,0.98,0,Mud
543,2013.SNH.V66a,2013,SNH,55.475441,-5.075869,25,0,0,0,0.92,0,0,Sand
544,2013.SNH.V65b,2013,SNH,55.456169,-5.07727,19,0,0,0.15,0.48,0,0,Sand
545,2013.SNH.V65a,2013,SNH,55.458168,-5.07529,19,0,0.01,0,0.97,0,0,Sand
546,2013.SNH.V64b,2013,SNH,55.448734,-5.081953,31,0,0,0,0.97,0,0,Sand
547,2013.SNH.V64a,2013,SNH,55.450974,-5.079417,32,0,0,0,0.97,0,0,Sand
548,2013.SNH.V63b,2013,SNH,55.440952,-5.093369,16,0,0.1,0.86,0,0,0,Gravel
549,2013.SNH.V63a,2013,SNH,55.440967,-5.093874,16,0,0,0.97,0,0,0,Gravel
550,2013.SNH.V62b,2013,SNH,55.426998,-5.078552,45,0,0,0,0.88,0,0,Sand
551,2013.SNH.V62a,2013,SNH,55.427921,-5.076723,46,0,0,0,0.97,0,0,Sand
552,2013.SNH.V60b,2013,SNH,55.450443,-5.033838,120,0,0,0,0,0.99,0,Mud
553,2013.SNH.V60a,2013,SNH,55.450142,-5.034572,120,0,0,0,0,0.98,0,Mud
554,2013.SNH.V59b,2013,SNH,55.451645,-4.999597,86,0,0,0,0,0.99,0,Mud
555,2013.SNH.V59a,2013,SNH,55.45179,-4.999538,86,0,0,0,0,0.99,0,Mud
556,2013.SNH.V57b,2013,SNH,55.424446,-5.015481,80,0,0,0,0,0.98,0,Mud
557,2013.SNH.V57a,2013,SNH,55.425018,-5.01557,80,0,0,0,0,0.98,0,Mud
558,2013.SNH.V55b,2013,SNH,55.403259,-5.087945,51,0,0,0,0.7,0,0,Sand
559,2013.SNH.V55a,2013,SNH,55.40369,-5.087381,51,0,0,0,0.91,0,0,Sand
560,2013.SNH.V54b,2013,SNH,55.418243,-5.102281,39,0,0.09,0.86,0,0,0,Gravel
561,2013.SNH.V54a,2013,SNH,55.419361,-5.099814,36,0,0.02,0,0.85,0,0,Sand
562,2013.SNH.V53b,2013,SNH,55.435352,-5.104459,12,0,0.22,0.75,0,0,0,Gravel
563,2013.SNH.V53a,2013,SNH,55.435318,-5.104625,12,0.04,0.1,0.7,0,0,0,Gravel
564,2013.SNH.V52b,2013,SNH,55.378845,-5.122989,40,0,0,0,0.97,0,0,Sand
565,2013.SNH.V52a,2013,SNH,55.378902,-5.121313,41,0,0.11,0,0.79,0,0,Sand
566,2013.SNH.V51b,2013,SNH,55.394154,-5.126245,60,0,0,0,0.98,0,0,Sand
567,2013.SNH.V51a,2013,SNH,55.394367,-5.124695,59,0,0,0,0.97,0,0,Sand
568,2013.SNH.V50b,2013,SNH,55.40596,-5.120917,48,0,0.02,0.14,0.7,0,0,Sand
569,2013.SNH.V50a,2013,SNH,55.408005,-5.1178,54,0,0,0,0.8,0,0,Sand
570,2013.SNH.V49b,2013,SNH,55.421646,-5.113634,25,0,0,0,0.78,0,0,Sand
571,2013.SNH.V49a,2013,SNH,55.422516,-5.113365,25,0,0,0,0.79,0,0,Sand
572,2013.SNH.V48b,2013,SNH,55.431171,-5.152109,20,0,0,0.12,0.76,0,0,Sand
573,2013.SNH.V48a,2013,SNH,55.4323,-5.150832,20,0,0.02,0.52,0.28,0,0,Gravel
574,2013.SNH.V47b,2013,SNH,55.422417,-5.144753,23,0,0,0.89,0,0,0,Gravel
575,2013.SNH.V47a,2013,SNH,55.423653,-5.141124,23,0,0.05,0.87,0,0,0,Gravel
576,2013.SNH.V46b,2013,SNH,55.422317,-5.16282,35,0,0,0,0.97,0,0,Sand
577,2013.SNH.V46a,2013,SNH,55.42365,-5.16113,35,0,0,0,0.92,0,0,Sand
578,2013.SNH.V45b,2013,SNH,55.412506,-5.157105,43,0,0,0,0.89,0,0,Sand
579,2013.SNH.V45a,2013,SNH,55.413505,-5.154394,44,0,0,0,0.97,0,0,Sand
580,2013.SNH.V44b,2013,SNH,55.385929,-5.164474,59,0,0,0,0,0.99,0,Mud
581,2013.SNH.V44a,2013,SNH,55.386524,-5.163355,57,0,0,0,0,0.98,0,Mud
582,2013.SNH.V43b,2013,SNH,55.389912,-5.193908,56,0,0,0,0,0.98,0,Mud
583,2013.SNH.V43a,2013,SNH,55.390774,-5.192516,56,0,0,0,0,0.98,0,Mud
584,2013.SNH.V42b,2013,SNH,55.405628,-5.188965,54,0,0,0,0,0.98,0,Mud
585,2013.SNH.V42a,2013,SNH,55.406578,-5.187221,53,0,0,0,0,0.98,0,Mud
586,2013.SNH.V41b,2013,SNH,55.426515,-5.199277,18,0,0,0.84,0,0,0,Gravel
587,2013.SNH.V41a,2013,SNH,55.427479,-5.197963,18,0,0,0.79,0,0,0,Gravel
588,2013.SNH.V40b,2013,SNH,55.419331,-5.208146,38,0,0,0,0.79,0,0,Sand
589,2013.SNH.V40a,2013,SNH,55.420475,-5.205263,38,0,0,0,0,0.97,0,Mud
590,2013.SNH.V39b,2013,SNH,55.40398,-5.23808,52,0,0,0,0,0.97,0,Mud
591,2013.SNH.V39a,2013,SNH,55.405025,-5.236161,50,0,0,0,0,0.97,0,Mud
592,2013.SNH.V38a,2013,SNH,55.390259,-5.235805,56,0,0,0,0,0.97,0,Mud
593,2013.SNH.V37b,2013,SNH,55.394707,-5.282976,49,0,0,0,0,0.97,0,Mud
594,2013.SNH.V37a,2013,SNH,55.395447,-5.281302,47,0,0,0,0,0.98,0,Mud
595,2013.SNH.V36b,2013,SNH,55.415161,-5.257844,36,0,0,0,0.89,0,0,Sand
596,2013.SNH.V36a,2013,SNH,55.415836,-5.256041,36,0.06,0,0,0.84,0,0,Sand
597,2013.SNH.V35b,2013,SNH,55.427208,-5.241395,16,0,0.98,0,0,0,0,Pebble
598,2013.SNH.V35a,2013,SNH,55.427877,-5.239607,16,0,0.92,0,0,0,0,Pebble
599,2013.SNH.V34b,2013,SNH,55.424927,-5.263672,28,0,0,0,0.98,0,0,Sand
600,2013.SNH.V34a,2013,SNH,55.425438,-5.26059,28,0,0,0,0.98,0,0,Sand
601,2013.SNH.V33b,2013,SNH,55.413521,-5.283214,33,0,0,0,0,0.98,0,Mud
602,2013.SNH.V33a,2013,SNH,55.414238,-5.28222,33,0,0,0,0,0.98,0,Mud
603,2013.SNH.V32b,2013,SNH,55.41288,-5.33076,39,0,0,0,0,0.95,0,Mud
604,2013.SNH.V32a,2013,SNH,55.413314,-5.32923,40,0,0,0,0,0.98,0,Mud
605,2013.SNH.V31b,2013,SNH,55.421707,-5.302809,27,0,0,0,0.98,0,0,Sand
606,2013.SNH.V31a,2013,SNH,55.422233,-5.302338,27,0,0,0,0.98,0,0,Sand
607,2013.SNH.V30b,2013,SNH,55.432053,-5.278072,17,0,0,0.76,0,0,0,Gravel
608,2013.SNH.V30a,2013,SNH,55.432465,-5.275303,17,0,0.03,0.36,0.3,0,0,Gravel
609,2013.SNH.V29b,2013,SNH,55.431969,-5.299518,21,0,0,0,0.81,0,0,Sand
610,2013.SNH.V29a,2013,SNH,55.432789,-5.295951,21,0,0,0.76,0,0,0,Gravel
611,2013.SNH.V28b,2013,SNH,55.432991,-5.288622,21,0,0.05,0.82,0.11,0,0,Gravel
612,2013.SNH.V28a,2013,SNH,55.433502,-5.284677,21,0,0,0,0.97,0,0,Sand
613,2013.SNH.V27b,2013,SNH,55.436966,-5.292805,17,0,0.08,0.85,0,0,0,Gravel
614,2013.SNH.V27a,2013,SNH,55.437519,-5.287461,17,0,0.18,0.53,0,0,0,Gravel
615,2013.SNH.V26b,2013,SNH,55.439468,-5.296478,17,0.09,0.16,0,0.37,0,0,Sand
616,2013.SNH.V26a,2013,SNH,55.440269,-5.292918,17,0,0.99,0,0,0,0,Pebble
617,2013.SNH.V25b,2013,SNH,55.436245,-5.302597,15,0,0.92,0,0.06,0,0,Pebble
618,2013.SNH.V25a,2013,SNH,55.436985,-5.298645,15,0,0.99,0,0,0,0,Pebble
619,2013.SNH.V24b,2013,SNH,55.439545,-5.310213,17,0,0.28,0,0.7,0,0,Sand
620,2013.SNH.V24a,2013,SNH,55.44022,-5.306334,17,0,0,0.97,0,0,0,Gravel
621,2013.SNH.V23b,2013,SNH,55.436466,-5.31583,22,0,0.29,0.48,0,0,0,Gravel
622,2013.SNH.V23a,2013,SNH,55.436352,-5.314057,22,0,0.36,0,0.59,0,0,Sand
623,2013.SNH.V22b,2013,SNH,55.441471,-5.314821,21,0,0.25,0.13,0.59,0,0,Sand
624,2013.SNH.V22a,2013,SNH,55.441738,-5.313114,17,0,0.11,0.67,0.19,0,0,Gravel
625,2013.SNH.V21b,2013,SNH,55.447094,-5.326811,22,0,0.1,0.65,0.2,0,0,Gravel
626,2013.SNH.V21a,2013,SNH,55.447598,-5.323606,21,0,0,0.96,0,0,0,Gravel
627,2013.SNH.V20b,2013,SNH,55.455639,-5.330619,19,0,0,0.86,0,0,0,Gravel
628,2013.SNH.V20a,2013,SNH,55.455902,-5.328801,18,0,0,0.98,0,0,0,Gravel
629,2013.SNH.V19b,2013,SNH,55.464165,-5.336828,19,0,0.07,0.9,0,0,0,Gravel
630,2013.SNH.V19a,2013,SNH,55.464306,-5.33526,18,0,0,0.35,0.6,0,0,Sand
631,2013.SNH.V18b,2013,SNH,55.44252,-5.345115,33,0,0,0,0,0.99,0,Mud
632,2013.SNH.V18a,2013,SNH,55.443336,-5.342791,34,0,0.1,0.27,0,0.5,0,Mud
633,2013.SNH.V17b,2013,SNH,55.455585,-5.362582,41,0,0,0,0,0.98,0,Mud
634,2013.SNH.V17a,2013,SNH,55.456474,-5.360488,42,0,0,0,0,0.98,0,Mud
635,2013.SNH.V16b,2013,SNH,55.427273,-5.369356,42,0,0,0,0,0.998,0,Mud
636,2013.SNH.V16a,2013,SNH,55.428265,-5.366776,31,0,0.87,0,0,0,0,Pebble
637,2013.SNH.V15b,2013,SNH,55.441505,-5.381009,48,0,0,0,0,0.97,0,Mud
638,2013.SNH.V15a,2013,SNH,55.442352,-5.378787,41,0,0,0,0,0.98,0,Mud
639,2013.SNH.V14b,2013,SNH,55.456768,-5.402901,59,0,0,0,0,0.98,0,Mud
640,2013.SNH.V14a,2013,SNH,55.457478,-5.401237,58,0,0,0,0,0.97,0,Mud
641,2013.SNH.V13b,2013,SNH,55.473022,-5.356706,32,0,0,0,0.98,0,0,Sand
642,2013.SNH.V13a,2013,SNH,55.473125,-5.355335,33,0,0,0,0.97,0,0,Sand
643,2013.SNH.V12b,2013,SNH,55.48494,-5.348436,20,0,0.06,0.91,0,0,0,Gravel
644,2013.SNH.V12a,2013,SNH,55.485527,-5.347576,20,0,0.12,0.59,0.16,0,0,Gravel
645,2013.SNH.V11b,2013,SNH,55.467605,-5.410276,71,0,0,0,0,0.99,0,Mud
646,2013.SNH.V11a,2013,SNH,55.468422,-5.408943,69,0,0,0,0,0.97,0,Mud
647,2013.SNH.V10b,2013,SNH,55.484539,-5.392408,71,0,0,0,0,0.97,0,Mud
648,2013.SNH.V10a,2013,SNH,55.485348,-5.390844,69,0,0,0,0,0.97,0,Mud
649,2013.SNH.V09b,2013,SNH,55.498131,-5.361172,25,0,0,0.29,0.57,0,0,Sand
650,2013.SNH.V09a,2013,SNH,55.498646,-5.360297,21,0,0,0.98,0,0,0,Gravel
651,2013.SNH.V08b,2013,SNH,55.494728,-5.406823,82,0,0,0,0,0.98,0,Mud
652,2013.SNH.V08a,2013,SNH,55.495632,-5.405101,80,0,0,0,0,0.91,0,Mud
653,2013.SNH.V07b,2013,SNH,55.504425,-5.374894,57,0,0,0,0,0.89,0,Mud
654,2013.SNH.V07a,2013,SNH,55.50518,-5.372971,56,0,0,0,0,0.9,0,Mud
655,2013.SNH.V06b,2013,SNH,55.507835,-5.363954,16,0,0.04,0.91,0,0,0,Gravel
656,2013.SNH.V06a,2013,SNH,55.508587,-5.362802,17,0,0.14,0.8,0,0,0,Gravel
657,2013.SNH.V05b,2013,SNH,55.517532,-5.364122,34,0,0,0,0.97,0,0,Sand
658,2013.SNH.V05a,2013,SNH,55.518181,-5.363216,30,0,0,0,0.89,0,0,Sand
659,2013.SNH.V04b,2013,SNH,55.519466,-5.371212,62,0,0,0,0,0.91,0,Mud
660,2013.SNH.V04a,2013,SNH,55.520324,-5.369733,54,0,0,0,0,0.98,0,Mud
661,2013.SNH.V03b,2013,SNH,55.52298,-5.365098,38,0,0,0,0.89,0,0,Sand
662,2013.SNH.V03a,2013,SNH,55.523338,-5.363606,32,0,0,0,0.89,0,0,Sand
663,2013.SNH.V02b,2013,SNH,55.511368,-5.403858,80,0,0,0,0,0.99,0,Mud
664,2013.SNH.V02a,2013,SNH,55.511921,-5.402203,79,0,0,0,0,0.89,0,Mud
665,2013.SNH.V01b,2013,SNH,55.504322,-5.441207,80,0,0,0,0,0.87,0,Mud
666,2013.SNH.V01a,2013,SNH,55.5051,-5.439044,81,0,0,0,0,0.97,0,Mud
667,SA01.040718,2018,UOG,55.492667,-5.083317,18.4,0.04,0,0.73,0,0,0,Gravel
668,SA02.040718,2018,UOG,55.496017,-5.077133,32.2,0,0,0.03,0,0.41,0,Mud
669,SA03.040718,2018,UOG,55.50115,-5.08095,8.32,0.65,0,0.24,0,0,0,Algae
670,SA04.040718,2018,UOG,55.508717,-5.060617,21.1,0.4,0.02,0.38,0.1,0,0,Algae
671,SA05.040718,2018,UOG,55.5162,-5.05665,32.4,0.16,0.12,0.48,0.04,0,0,Gravel
672,SA06.040718,2018,UOG,55.523533,-5.062467,6.53,0.67,0,0.21,0,0,0,Algae
673,SA07.040718,2018,UOG,55.528317,-5.0665,23.6,0.13,0.16,0.28,0.18,0,0,Gravel
674,SA08.040718,2018,UOG,55.5335,-5.067,31.7,0.16,0.01,0,0.63,0,0,Sand
675,SA09.040718,2018,UOG,55.536567,-5.0742,6.73,0.89,0,0.04,0,0,0,Algae
676,SA10.050718,2018,UOG,55.456533,-5.081583,5.9,0.33,0,0,0.56,0,0,Sand
677,SA11.050718,2018,UOG,55.45375,-5.07505,37.9,0,0,0,0,0.58,0,Mud
678,SA12.050718,2018,UOG,55.459633,-5.072667,26.2,0.14,0.01,0.75,0.02,0,0,Gravel
679,SA13.050718,2018,UOG,55.466567,-5.076683,7.79,0.52,0.02,0.04,0.18,0,0,Algae
680,SA14.050718,2018,UOG,55.471533,-5.070733,37.9,0.02,0,0,0,0.49,0,Mud
681,SA15.050718,2018,UOG,55.478933,-5.078933,25.2,0,0,0,0.66,0,0,Sand
682,SA16.050718,2018,UOG,55.48785,-5.089333,6.53,0.21,0,0,0.65,0,0,Sand
683,SA17.050718,2018,UOG,55.504417,-5.071117,32.6,0.06,0,0,0.6,0,0,Sand
684,SA18.050718,2018,UOG,55.509,-5.0752,26,0.04,0.04,0.02,0.5,0,0,Sand
685,SA19.060718,2018,UOG,55.422183,-5.16525,34.7,0.01,0,0.03,0,0.51,0,Mud
686,SA20.060718,2018,UOG,55.43015,-5.16545,23.7,0.05,0.03,0.63,0,0,0,Gravel
687,SA21.060718,2018,UOG,55.43605,-5.163833,8.34,0.7,0,0.04,0,0,0,Algae
688,SA22.060718,2018,UOG,55.41605,-5.16375,37.4,0.11,0.05,0.49,0,0,0,Gravel
689,SA23.060718,2018,UOG,55.428867,-5.151533,24.6,0.03,0,0.63,0,0,0,Gravel
690,SA24.060718,2018,UOG,55.4376,-5.153783,9.52,0.8,0,0,0,0,0,Algae
691,SA25.060718,2018,UOG,55.4164,-5.139417,32.2,0.04,0.13,0.46,0,0,0,Gravel
692,SA26.060718,2018,UOG,55.427683,-5.137717,22.5,0.04,0,0.78,0,0,0,Gravel
693,SA27.060718,2018,UOG,55.4379,-5.143017,9.21,0.91,0,0,0,0,0,Algae
694,SA28.070718,2018,UOG,55.42775,-5.254117,23.4,0.07,0.01,0.66,0,0,0,Gravel
695,SA29.070718,2018,UOG,55.419517,-5.264367,32.2,0,0,0,0,0.59,0,Mud
696,SA30.070718,2018,UOG,55.435067,-5.25865,9.03,0.96,0,0,0,0,0,Algae
697,SA31.070718,2018,UOG,55.4242,-5.243417,22.9,0.07,0.03,0.64,0,0,0,Gravel
698,SA32.070718,2018,UOG,55.4181,-5.2514,34,0.14,0,0,0,0.51,0,Mud
699,SA33.070718,2018,UOG,55.432167,-5.2444,10.6,0.91,0,0,0,0,0,Algae
700,SA34.070718,2018,UOG,55.42665,-5.227667,23.9,0.15,0.1,0.48,0.03,0,0,Gravel
701,SA35.070718,2018,UOG,55.422033,-5.221767,32.4,0,0,0,0,0.45,0,Mud
702,SA36.070718,2018,UOG,55.430983,-5.217617,9.84,0.9,0,0,0,0,0,Algae
703,SA37.080718,2018,UOG,55.505817,-5.357633,8.03,0.8,0,0,0,0,0,Algae
704,SA38.080718,2018,UOG,55.499283,-5.3629,22,0.14,0.02,0.65,0,0,0,Gravel
705,SA39.080718,2018,UOG,55.491917,-5.364683,30.6,0.02,0,0,0,0.68,0,Mud
706,SA40.080718,2018,UOG,55.49895,-5.344633,7.61,0.91,0,0,0,0,0,Algae
707,SA41.080718,2018,UOG,55.467817,-5.354733,22.9,0.04,0.07,0.69,0,0,0,Gravel
708,SA42.080718,2018,UOG,55.475617,-5.354567,30.5,0.01,0,0.01,0,0.53,0,Mud
709,SA43.080718,2018,UOG,55.487217,-5.334567,10,0.01,0.1,0.73,0,0,0,Gravel
710,SA44.080718,2018,UOG,55.468917,-5.34325,23.4,0.1,0.13,0.36,0,0,0,Gravel
711,SA45.080718,2018,UOG,55.459617,-5.346433,30.5,0,0,0,0,0.5,0,Mud
712,SA46.170718,2018,UOG,55.442917,-5.294383,11.2,0.89,0,0,0,0,0,Algae
713,SA47.170718,2018,UOG,55.438267,-5.323033,24.3,0.02,0.06,0.44,0,0,0,Gravel
714,SA48.170718,2018,UOG,55.4351,-5.334667,33,0,0,0,0,0.52,0,Mud
715,SA49.170718,2018,UOG,55.443867,-5.28185,11.5,0.95,0,0,0,0,0,Algae
716,SA50.170718,2018,UOG,55.436783,-5.3062,20.9,0,0,0.64,0.05,0,0,Gravel
717,SA51.170718,2018,UOG,55.4192,-5.310383,31,0,0,0,0,0.57,0,Mud
718,SA52.170718,2018,UOG,55.44015,-5.273317,9.84,0.8,0,0,0,0,0,Algae
719,SA53.170718,2018,UOG,55.435233,-5.292417,19.1,0.49,0.02,0.1,0,0,0,Algae
720,SA54.170718,2018,UOG,55.419283,-5.280633,29.4,0,0,0,0,0.53,0,Mud
721,SA55.180718,2018,UOG,55.423333,-5.11225,31.9,0.01,0.06,0.41,0,0,0,Gravel
722,SA56.180718,2018,UOG,55.431017,-5.106767,24.3,0.04,0.03,0.31,0.23,0,0,Gravel
723,SA57.180718,2018,UOG,55.436083,-5.106917,10.2,0.37,0.02,0.47,0,0,0,Gravel
724,SA58.180718,2018,UOG,55.428867,-5.096883,30.6,0.05,0.05,0.02,0.47,0,0,Sand
725,SA59.180718,2018,UOG,55.43665,-5.099167,22.1,0.09,0.13,0.19,0,0,0,Gravel
726,SA60.180718,2018,UOG,55.442417,-5.096633,11.6,0.14,0.53,0.02,0,0,0,Pebble
727,SA61.180718,2018,UOG,55.438117,-5.086933,35.4,0,0.03,0,0,0.47,0,Mud
728,SA62.180718,2018,UOG,55.4464,-5.0863,24.1,0.04,0,0.02,0.58,0,0,Sand
729,SA63.180718,2018,UOG,55.452717,-5.0827,11.4,0.27,0.1,0.24,0,0,0,Algae
730,SA64.190718,2018,UOG,55.456917,-5.318567,7,0.94,0,0,0,0,0,Algae
731,SA65.190718,2018,UOG,55.45405,-5.349933,24.6,0.1,0.05,0.11,0.34,0,0,Sand
732,SA66.190718,2018,UOG,55.44685,-5.346117,36.1,0,0,0,0,0.55,0,Mud
733,SA67.190718,2018,UOG,55.447917,-5.307317,9.03,0.91,0,0,0,0,0,Algae
734,SA68.190718,2018,UOG,55.445633,-5.328367,19.8,0.3,0.33,0.05,0.03,0,0,Pebble
735,SA69.190718,2018,UOG,55.437217,-5.332617,31.2,0,0,0,0,0.56,0,Mud
736,SA70.190718,2018,UOG,55.442233,-5.293833,12.4,0.53,0.01,0.39,0,0,0,Algae
737,SA71.190718,2018,UOG,55.4255,-5.32095,31.5,0,0,0,0,0.49,0,Mud
738,SA72.200718,2018,UOG,55.550633,-5.0786,25.3,0.09,0.07,0.13,0.13,0,0,Gravel
739,SA73.200718,2018,UOG,55.558833,-5.080567,35.6,0.04,0,0,0,0.41,0,Mud
740,SA74.200718,2018,UOG,55.56255,-5.095333,8.97,0.65,0,0.07,0,0,0,Algae
741,SA75.200718,2018,UOG,55.56925,-5.1006,27.8,0.01,0.05,0,0.42,0,0,Sand
742,SA76.200718,2018,UOG,55.552917,-5.07655,38.3,0,0,0.01,0,0.42,0,Mud
743,SA77.200718,2018,UOG,55.560217,-5.092533,13.4,0.24,0.02,0,0.45,0,0,Sand
744,SA78.200718,2018,UOG,55.557583,-5.08425,26.8,0.15,0,0.01,0,0.44,0,Mud
745,SA79.200718,2018,UOG,55.550067,-5.074033,36.5,0,0,0,0,0.43,0,Mud
746,SA80.200718,2018,UOG,55.57015,-5.10335,8.66,0.27,0,0.21,0.17,0,0,Algae
747,SA81.200718,2018,UOG,55.539733,-5.07225,25.7,0.12,0.02,0.08,0.58,0,0,Sand
748,SA82.200718,2018,UOG,55.533667,-5.0664,32.1,0.02,0,0,0,0.39,0,Mud
749,SA83.210718,2018,UOG,55.546217,-5.088233,8.32,0.55,0,0.11,0,0,0,Algae
750,SA84.210718,2018,UOG,55.540067,-5.082283,20.6,0.09,0.01,0.2,0.19,0,0,Sand
751,SA85.210718,2018,UOG,55.53785,-5.097283,30.6,0.56,0,0,0.12,0,0,Algae
752,SA86.210718,2018,UOG,55.544617,-5.0938,10.9,0.91,0,0,0,0,0,Algae
753,SA87.210718,2018,UOG,55.537367,-5.091,25.9,0.05,0,0,0.41,0,0,Sand
754,SA88.210718,2018,UOG,55.529,-5.0938,33.5,0,0,0,0,0.5,0,Mud
755,SA89.210718,2018,UOG,55.540033,-5.1013,12.8,0.9,0,0,0,0,0,Algae
756,SA90.210718,2018,UOG,55.5427,-5.084417,20.4,0.19,0,0.16,0.38,0,0,Sand
757,SA91.210718,2018,UOG,55.52425,-5.096933,40.4,0,0,0,0,0.51,0,Mud
758,SA92.210718,2018,UOG,55.538217,-5.108783,11.8,0.76,0,0,0.04,0,0,Algae
759,SA93.210718,2018,UOG,55.539733,-5.095567,22.7,0.03,0.02,0,0.51,0,0,Sand
760,SA94.310718,2018,UOG,55.511917,-5.0808,19.5,0.05,0.01,0,0.44,0,0,Sand
761,SA95.310718,2018,UOG,55.512533,-5.090517,7.12,0.52,0.01,0,0.24,0,0,Algae
762,SA96.310718,2018,UOG,55.52085,-5.102633,39.7,0,0,0,0,0.46,0,Mud
763,SA97.310718,2018,UOG,55.521267,-5.078,18.6,0.07,0.01,0,0.42,0,0,Sand
764,SA98.310718,2018,UOG,55.527733,-5.089,9.37,0.38,0.06,0,0.29,0,0,Algae
765,SA99.310718,2018,UOG,55.525717,-5.10925,38.8,0.07,0,0,0,0.29,0,Mud
766,SA100.310718,2018,UOG,55.534467,-5.091217,17.5,0.07,0,0.02,0.69,0,0,Sand
767,SA101.310718,2018,UOG,55.538017,-5.082867,9.13,0.92,0,0,0,0,0,Algae
768,SA102.310718,2018,UOG,55.53065,-5.107083,32.6,0,0,0,0,0.56,0,Mud
769,SA103.010818,2018,UOG,55.48925,-5.07475,35.6,0,0,0.01,0,0.54,0,Mud
770,SA104.010818,2018,UOG,55.479667,-5.084467,19.8,0.04,0,0,0.37,0,0,Sand
771,SA105.010818,2018,UOG,55.485983,-5.08975,6.61,0.03,0.01,0,0.57,0,0,Sand
772,SA106.010818,2018,UOG,55.49635,-5.076267,32.8,0,0.1,0,0,0.33,0,Mud
773,SA107.010818,2018,UOG,55.496917,-5.081867,17.4,0.1,0,0,0.59,0,0,Sand
774,SA108.010818,2018,UOG,55.505717,-5.077467,9.6,0.2,0,0,0.46,0,0,Sand
775,SA109.010818,2018,UOG,55.51465,-5.080483,34,0.03,0.03,0,0,0.36,0,Mud
776,SA110.010818,2018,UOG,55.51405,-5.093033,20.2,0.24,0.01,0,0.43,0,0,Sand
777,SA111.010818,2018,UOG,55.519117,-5.10655,9.8,0.09,0,0,0.54,0,0,Sand
778,SA112.020818,2018,UOG,55.514117,-5.059167,9.76,0.52,0,0.25,0,0,0,Algae
779,SA113.020818,2018,UOG,55.52095,-5.060233,19,0.08,0.01,0.43,0,0,0,Gravel
780,SA114.020818,2018,UOG,55.528917,-5.066483,30.3,0.05,0.13,0,0,0.6,0,Mud
781,SA115.020818,2018,UOG,55.510533,-5.077167,5.82,0.95,0,0,0,0,0,Algae
782,SA116.020818,2018,UOG,55.515817,-5.073633,20.2,0.14,0.01,0.13,0.44,0,0,Sand
783,SA117.020818,2018,UOG,55.528033,-5.0961,36,0,0,0,0,0.39,0,Mud
784,SA118.020818,2018,UOG,55.52975,-5.124217,9.82,0.37,0,0,0.55,0,0,Sand
785,SA119.020818,2018,UOG,55.535767,-5.115383,19.7,0.09,0.02,0,0.6,0,0,Sand
786,SA120.020818,2018,UOG,55.537533,-5.095917,29.6,0.1,0,0,0,0.51,0,Mud
787,SA121.020818,2018,UOG,55.523167,-5.11605,11.6,0,0,0.01,0.76,0,0,Sand
788,SA122.020818,2018,UOG,55.536917,-5.105233,20.1,0.02,0.03,0.06,0.59,0,0,Sand
789,SA123.030818,2018,UOG,55.415883,-5.120867,36.9,0.17,0,0.38,0,0,0,Gravel
790,SA124.030818,2018,UOG,55.422267,-5.129783,19.3,0.44,0.03,0.2,0,0,0,Algae
791,SA125.030818,2018,UOG,55.431367,-5.123183,9.6,0.89,0.04,0,0,0,0,Algae
792,SA126.030818,2018,UOG,55.4211,-5.106117,40.9,0.14,0.05,0.34,0.01,0,0,Gravel
793,SA127.030818,2018,UOG,55.42605,-5.1316,18.7,0.26,0.19,0.43,0.01,0,0,Gravel
794,SA128.030818,2018,UOG,55.434383,-5.125383,9.76,0.06,0,0.45,0.21,0,0,Gravel
795,SA129.030818,2018,UOG,55.428017,-5.0932,42.7,0.02,0,0,0,0.53,0,Mud
796,SA130.030818,2018,UOG,55.43155,-5.140383,17.4,0.61,0.03,0.18,0.02,0,0,Algae
797,SA131.030818,2018,UOG,55.43545,-5.110567,8.42,0.1,0,0.73,0,0,0,Gravel
798,SA132.040818,2018,UOG,55.431383,-5.212967,10.2,0.52,0,0,0,0,0,Algae
799,SA133.040818,2018,UOG,55.427317,-5.204267,18.8,0.32,0.27,0.28,0.01,0,0,Algae
800,SA134.040818,2018,UOG,55.42295,-5.1973,29.2,0.07,0,0,0.58,0,0,Sand
801,SA135.040818,2018,UOG,55.430267,-5.19625,9.6,0.85,0,0,0,0,0,Algae
802,SA136.040818,2018,UOG,55.427617,-5.183483,19.1,0.06,0.02,0.63,0,0,0,Gravel
803,SA137.040818,2018,UOG,55.422217,-5.177367,33.3,0.06,0,0.11,0.75,0,0,Sand
804,SA138.040818,2018,UOG,55.432317,-5.175283,10.7,0.56,0,0,0,0,0,Algae
805,SA139.040818,2018,UOG,55.431683,-5.163117,17.8,0.02,0.08,0.41,0,0,0,Gravel
806,SA140.040818,2018,UOG,55.4247,-5.152433,28.7,0.13,0.01,0.04,0.45,0,0,Sand
807,SA01.120819,2019,UOG,55.437817,-5.1064,8.71,0.9,0,0,0,0,0,Algae
808,SA02.120819,2019,UOG,55.43185,-5.10901,16.5,0.07,0.06,0.46,0,0,0,Gravel
809,SA03.120819,2019,UOG,55.421333,-5.111917,38.1,0,0.05,0.34,0,0,0,Gravel
810,SA04.120819,2019,UOG,55.449483,-5.090717,9.37,0.89,0,0,0,0,0,Algae
811,SA05.120819,2019,UOG,55.45115,-5.084467,13.3,0.49,0,0.27,0,0,0,Algae
812,SA06.120819,2019,UOG,55.455917,-5.076233,32.4,0,0,0,0,0.52,0,Mud
813,SA07.130819,2019,UOG,55.454283,-5.081967,10.7,0.16,0,0,0.63,0,0,Sand
814,SA08.130819,2019,UOG,55.457167,-5.076317,22.9,0.04,0.06,0.13,0.26,0,0,Sand
815,SA09.130819,2019,UOG,55.461117,-5.07175,38.8,0,0.04,0,0.47,0,0,Sand
816,SA10.130819,2019,UOG,55.462917,-5.077533,9.7,0.08,0,0,0.82,0,0,Sand
817,SA11.130819,2019,UOG,55.468733,-5.07685,18.4,0.23,0.04,0.59,0,0,0,Gravel
818,SA12.130819,2019,UOG,55.475933,-5.07155,39,0,0,0,0,0.46,0,Mud
819,SA13.130819,2019,UOG,55.477083,-5.084,8.85,0,0,0,0.79,0,0,Sand
820,SA14.130819,2019,UOG,55.483167,-5.08665,20.4,0.05,0,0,0.36,0,0,Sand
821,SA15.130819,2019,UOG,55.491183,-5.074617,34.2,0,0,0,0,0.39,0,Mud
822,SA16.140819,2019,UOG,55.542567,-5.076083,30.1,0,0,0,0,0.36,0,Mud
823,SA17.140819,2019,UOG,55.534533,-5.070767,13.8,0.04,0.28,0.17,0,0,0,Pebble
824,SA18.140819,2019,UOG,55.523567,-5.06235,8.85,0.31,0.04,0.17,0,0,0,Algae
825,SA19.140819,2019,UOG,55.52895,-5.066683,31.5,0,0.05,0.6,0,0.24,0,Gravel
826,SA20.140819,2019,UOG,55.5165,-5.058267,14.4,0.31,0.03,0.18,0,0,0,Algae
827,SA21.140819,2019,UOG,55.5112,-5.06415,9.21,0.79,0.11,0,0,0,0,Algae
828,SA22.140819,2019,UOG,55.51465,-5.0794,36,0,0,0,0,0.29,0,Mud
829,SA23.140819,2019,UOG,55.522283,-5.079667,17.7,0.11,0,0.06,0.37,0,0,Sand
830,SA24.140819,2019,UOG,55.51105,-5.078883,8.14,0.12,0,0,0.72,0,0,Sand
831,SA25.150819,2019,UOG,55.4887,-5.055183,10.5,0.15,0,0,0.61,0,0,Sand
832,SA26.150819,2019,UOG,55.483383,-5.086583,20.9,0.07,0,0,0.36,0,0,Sand
833,SA27.150819,2019,UOG,55.48385,-5.075333,36.9,0,0,0,0,0.37,0,Mud
834,SA28.150819,2019,UOG,55.494717,-5.086483,10.3,0.3,0,0,0.41,0,0,Sand
835,SA29.150819,2019,UOG,55.4974,-5.08125,21.3,0.02,0,0,0.53,0,0,Sand
836,SA30.150819,2019,UOG,55.49855,-5.068617,34.5,0,0,0,0,0.35,0,Mud
837,SA31.150819,2019,UOG,55.5059,-5.0784,9.56,0,0,0,0.9,0,0,Sand
838,SA32.150819,2019,UOG,55.511883,-5.085633,20.5,0.22,0,0,0.28,0,0,Sand
839,SA33.150819,2019,UOG,55.515,-5.082317,36.1,0,0.12,0,0,0.22,0,Mud
840,SA34.160819,2019,UOG,55.53815,-5.0832,10.8,0.49,0.12,0.11,0,0,0,Algae
841,SA35.160819,2019,UOG,55.536733,-5.089067,15.6,0.18,0,0.12,0.34,0,0,Sand
842,SA36.160819,2019,UOG,55.530617,-5.099983,32.2,0,0,0,0,0.64,0,Mud
843,SA37.160819,2019,UOG,55.545517,-5.084,8.85,0.69,0.12,0,0,0,0,Algae
844,SA38.160819,2019,UOG,55.5404,-5.098117,17.9,0.17,0.24,0.13,0.1,0,0,Pebble
845,SA39.160819,2019,UOG,55.5207,-5.1046,36.5,0,0,0,0,0.63,0,Mud
846,SA40.160819,2019,UOG,55.53,-5.124533,5.49,0.22,0,0,0.51,0,0,Sand
847,SA41.160819,2019,UOG,55.537233,-5.10825,18.6,0.07,0.06,0,0.46,0,0,Sand
848,SA42.160819,2019,UOG,55.515667,-5.092533,37.7,0,0,0,0,0.49,0,Mud
849,SA43.190819,2019,UOG,55.449917,-5.08905,10.3,0.57,0.08,0.07,0,0,0,Algae
850,SA44.190819,2019,UOG,55.450667,-5.083167,19.5,0.12,0.06,0.31,0.19,0,0,Gravel
851,SA45.190819,2019,UOG,55.45325,-5.07505,37.3,0,0,0,0,0.42,0,Mud
852,SA46.190819,2019,UOG,55.46055,-5.079383,9.92,0.7,0,0,0.13,0,0,Algae
853,SA47.190819,2019,UOG,55.467917,-5.075517,20.9,0.16,0.11,0.39,0,0,0,Gravel
854,SA48.190819,2019,UOG,55.473933,-5.0725,36.9,0,0,0,0,0.37,0,Mud
855,SA49.190819,2019,UOG,55.474183,-5.082583,7.97,0,0,0,0.29,0,0.41,Seagrass
856,SA50.190819,2019,UOG,55.482983,-5.086783,19.1,0.09,0.06,0,0.44,0,0.06,Sand
857,SA51.190819,2019,UOG,55.492383,-5.077367,32.1,0,0,0,0,0.49,0,Mud
858,SA52.200819,2019,UOG,55.5046,-5.358217,10.3,0.91,0,0,0,0,0,Algae
859,SA53.200819,2019,UOG,55.498833,-5.35945,17.4,0,0.17,0.34,0,0,0,Gravel
860,SA54.200819,2019,UOG,55.490633,-5.365883,31.5,0,0.12,0,0,0.34,0,Mud
861,SA55.200819,2019,UOG,55.494683,-5.338133,8.32,0.87,0,0,0,0,0,Algae
862,SA56.200819,2019,UOG,55.491167,-5.348033,18.2,0.07,0.15,0.12,0.22,0,0,Sand
863,SA57.200819,2019,UOG,55.479617,-5.357783,31.2,0,0,0,0,0.49,0,Mud
864,SA58.200819,2019,UOG,55.485083,-5.330583,9.21,0.82,0,0.11,0,0,0,Algae
865,SA59.200819,2019,UOG,55.478433,-5.3413,17.4,0.04,0.47,0.09,0.1,0,0,Pebble
866,SA60.200819,2019,UOG,55.463317,-5.346917,30.6,0,0,0.03,0,0.45,0,Mud
867,SA61.210819,2019,UOG,55.51895,-5.05935,8.68,0.25,0,0,0.58,0,0,Sand
868,SA62.210819,2019,UOG,55.52435,-5.0645,18.4,0.06,0.45,0.1,0.02,0,0,Pebble
869,SA63.210819,2019,UOG,55.527917,-5.064717,40.6,0,0.02,0,0,0.54,0,Mud
870,SA64.210819,2019,UOG,55.53955,-5.0798,7.61,0.46,0.19,0.12,0,0,0,Algae
871,SA65.210819,2019,UOG,55.538967,-5.084967,19.5,0.05,0.09,0.23,0.17,0,0,Gravel
872,SA66.210819,2019,UOG,55.537683,-5.0728,37,0,0,0,0,0.53,0,Mud
873,SA67.210819,2019,UOG,55.552567,-5.082667,13.3,0.41,0.19,0.09,0.1,0,0,Algae
874,SA68.210819,2019,UOG,55.557083,-5.087683,20.6,0.08,0.12,0.1,0.24,0,0,Sand
875,SA69.210819,2019,UOG,55.565083,-5.09035,35.4,0,0,0,0,0.49,0,Mud
876,SA70.250819,2019,UOG,55.452867,-5.313733,9.21,0.83,0,0,0,0,0,Algae
877,SA71.250819,2019,UOG,55.448767,-5.321217,19.1,0.16,0.21,0.25,0,0,0,Gravel
878,SA72.250819,2019,UOG,55.445483,-5.341117,33.8,0,0,0,0,0.49,0,Mud
879,SA73.250819,2019,UOG,55.4475,-5.297283,9.74,0.89,0,0,0,0,0,Algae
880,SA74.250819,2019,UOG,55.43625,-5.297183,17.4,0.49,0.13,0.11,0,0,0,Algae
881,SA75.250819,2019,UOG,55.4196,-5.29805,27.5,0.08,0.23,0.08,0,0,0,Pebble
882,SA76.250819,2019,UOG,55.442967,-5.274533,9.03,0.25,0,0,0,0,0,Algae
883,SA77.250819,2019,UOG,55.432917,-5.273517,18.3,0.3,0.25,0.18,0,0,0,Pebble
884,SA78.250819,2019,UOG,55.422783,-5.272117,30.3,0,0,0,0,0.59,0,Mud
885,SA79.260819,2019,UOG,55.433917,-5.24115,9.37,0.92,0,0,0,0,0,Algae
886,SA80.260819,2019,UOG,55.430133,-5.24355,15.7,0.34,0,0.21,0,0,0,Algae
887,SA81.260819,2019,UOG,55.423267,-5.239483,29.9,0,0.19,0,0,0.25,0,Mud
888,SA82.260819,2019,UOG,55.432017,-5.227817,8.68,0.94,0,0,0,0,0,Algae
889,SA83.260819,2019,UOG,55.42935,-5.2145,17.7,0,0.63,0.19,0.08,0,0,Pebble
890,SA84.260819,2019,UOG,55.422833,-5.216133,31.9,0,0,0,0,0.5,0,Mud
891,SA85.260819,2019,UOG,55.430767,-5.19925,9.03,0.79,0.11,0,0,0,0,Algae
892,SA86.260819,2019,UOG,55.427917,-5.188183,16.8,0.22,0.61,0,0,0,0,Pebble
893,SA87.260819,2019,UOG,55.42295,-5.179483,32.4,0,0.06,0.15,0.32,0,0,Sand
894,SA195.290818,2018,UOG,55.446233,-5.09285,11.3,0.96,0,0,0,0,0,Algae
895,SA196.290818,2018,UOG,55.4418,-5.0895,27.6,0.05,0.04,0.6,0,0,0,Gravel
896,SA197.290818,2018,UOG,55.442217,-5.082833,41.5,0,0,0,0,0.4,0,Mud
897,SA198.290818,2018,UOG,55.452117,-5.084817,11.1,0.66,0.09,0.05,0,0,0,Algae
898,SA199.290818,2018,UOG,55.454567,-5.077533,24.9,0.13,0.08,0.25,0.27,0,0,Sand
899,SA200.290818,2018,UOG,55.45795,-5.07295,45.9,0.09,0,0,0,0.32,0,Mud
900,SA201.290818,2018,UOG,55.4614,-5.077483,11.7,0.41,0.32,0.06,0,0,0,Algae
901,SA202.290818,2018,UOG,55.467983,-5.075233,23.2,0.19,0,0.27,0.32,0,0,Sand
902,SA203.290818,2018,UOG,55.469983,-5.068083,39.2,0.09,0,0,0.52,0,0,Sand
903,SA204.300818,2018,UOG,55.500583,-5.350483,9.13,0.6,0,0,0,0,0,Algae
904,SA205.300818,2018,UOG,55.495467,-5.356317,18,0.4,0.11,0.07,0,0,0,Algae
905,SA206.300818,2018,UOG,55.488217,-5.363783,25.3,0.04,0,0.06,0.43,0,0,Sand
906,SA207.300818,2018,UOG,55.492467,-5.337,9.52,0.29,0,0.53,0,0,0,Gravel
907,SA208.300818,2018,UOG,55.488083,-5.349067,18.9,0.24,0.14,0.23,0,0,0,Algae
908,SA209.300818,2018,UOG,55.4805,-5.356717,29.6,0,0,0,0.49,0,0,Sand
909,SA210.300818,2018,UOG,55.479633,-5.33295,10.6,0.54,0.08,0.07,0,0,0,Algae
910,SA211.300818,2018,UOG,55.474483,-5.346917,19.5,0.06,0.17,0.11,0.18,0,0,Sand
911,SA212.300818,2018,UOG,55.463883,-5.3456,27.6,0.06,0.22,0.22,0,0,0,Pebble
912,SA213.310818,2018,UOG,55.433133,-5.24755,9.44,0.86,0,0,0,0,0,Algae
913,SA214.310818,2018,UOG,55.427317,-5.24355,15.7,0.94,0,0,0,0,0,Algae
914,SA215.310818,2018,UOG,55.420767,-5.23815,31.7,0,0,0,0,0.42,0,Mud
915,SA216.310818,2018,UOG,55.431567,-5.2365,11.2,0.92,0,0,0,0,0,Algae
916,SA217.310818,2018,UOG,55.42855,-5.221133,17.5,0.67,0.15,0.03,0,0,0,Algae
917,SA218.310818,2018,UOG,55.424167,-5.2162,28.9,0,0,0,0.72,0,0,Sand
918,SA219.310818,2018,UOG,55.430133,-5.203817,11,0.93,0,0,0,0,0,Algae
919,SA220.310818,2018,UOG,55.42785,-5.189133,16.3,0.73,0,0,0,0,0,Algae
920,SA221.310818,2018,UOG,55.425783,-5.175617,30.5,0.05,0,0.03,0.51,0,0,Sand
921,SA222.010918,2018,UOG,55.437767,-5.127967,8.74,0.91,0,0,0,0,0,Algae
922,SA223.010918,2018,UOG,55.433367,-5.133917,15.3,0.71,0.23,0.03,0,0,0,Algae
923,SA224.010918,2018,UOG,55.427667,-5.14235,24.6,0.08,0.1,0.08,0.28,0,0,Sand
924,SA225.010918,2018,UOG,55.42995,-5.122267,8.5,0.91,0,0,0,0,0,Algae
925,SA226.010918,2018,UOG,55.42565,-5.129333,16,0.64,0.16,0.12,0.04,0,0,Algae
926,SA227.010918,2018,UOG,55.4234,-5.1442,23.7,0.02,0.02,0.09,0.41,0,0,Sand
927,SA228.010918,2018,UOG,55.434883,-5.111133,7.95,0.29,0.03,0.53,0,0,0,Gravel
928,SA229.010918,2018,UOG,55.4246,-5.114183,14.7,0.6,0.12,0.24,0,0,0,Algae
929,SA230.010918,2018,UOG,55.428533,-5.105,27.6,0.03,0,0.13,0,0.32,0,Mud
930,SA88.010919,2019,UOG,55.435733,-5.147933,10.6,0.89,0,0,0,0,0,Algae
931,SA89.010919,2019,UOG,55.43215,-5.1589,19.7,0,0.14,0.46,0,0,0,Gravel
932,SA90.010919,2019,UOG,55.440467,-5.155783,31.4,0,0,0.17,0,0.34,0,Mud
933,SA91.010919,2019,UOG,55.438317,-5.147167,13.8,0.87,0,0,0,0,0,Algae
934,SA92.010919,2019,UOG,55.434033,-5.144467,19.1,0.12,0,0.59,0,0,0,Gravel
935,SA93.010919,2019,UOG,55.418983,-5.145183,28.5,0,0,0.61,0,0,0,Gravel
936,SA94.010919,2019,UOG,55.438683,-5.1371,9.38,0.88,0,0,0,0,0,Algae
937,SA96.020919,2019,UOG,55.48125,-5.086617,7.44,0,0,0,0,0,0.8,Seagrass
938,SA97.020919,2019,UOG,55.486933,-5.08845,18.4,0,0.06,0.04,0.51,0,0,Sand
939,SA98.020919,2019,UOG,55.490317,-5.093517,28.2,0,0,0,0,0.55,0,Mud
940,SA99.020919,2019,UOG,55.4948,-5.08875,6.37,0,0,0,0.41,0,0.48,Seagrass
941,SA100.020919,2019,UOG,55.498933,-5.080783,15.6,0.11,0,0.14,0.47,0,0,Sand
942,SA101.020919,2019,UOG,55.487983,-5.085067,29.9,0,0,0,0,0.56,0,Mud
943,SA102.030919,2019,UOG,55.553283,-5.083217,6.73,0.82,0,0,0,0,0,Algae
944,SA103.030919,2019,UOG,55.556167,-5.086733,17,0.03,0.07,0.15,0.58,0,0,Sand
945,SA104.030919,2019,UOG,55.559417,-5.081833,37.9,0,0,0,0,0.53,0,Mud
946,SA105.030919,2019,UOG,55.559483,-5.0924,9.38,0.28,0,0.32,0.13,0,0,Gravel
947,SA106.030919,2019,UOG,55.563767,-5.093683,19.8,0,0.15,0.08,0.42,0,0,Sand
948,SA107.030919,2019,UOG,55.563417,-5.085,39.7,0,0,0,0,0.56,0,Mud
949,SA108.030919,2019,UOG,55.568333,-5.102733,7.26,0.09,0,0.09,0.53,0,0,Sand
950,SA109.030919,2019,UOG,55.5565,-5.087,21.3,0,0,0.25,0.43,0,0,Sand
951,SA110.030919,2019,UOG,55.57,-5.089133,40.7,0,0,0,0,0.57,0,Mud
952,SA111.050919,2019,UOG,55.430767,-5.116667,7.79,0.11,0,0,0.6,0,0,Sand
953,SA112.050919,2019,UOG,55.426133,-5.113133,17.1,0,0,0.48,0,0,0,Gravel
954,SA113.050919,2019,UOG,55.423783,-5.102017,36.5,0.02,0.04,0,0.49,0,0,Sand
955,SA114.050919,2019,UOG,55.43715,-5.105983,9.38,0.09,0,0.54,0,0,0,Gravel
956,SA115.050919,2019,UOG,55.438217,-5.0966,19.7,0,0.56,0,0,0,0,Pebble
957,SA116.050919,2019,UOG,55.429783,-5.0938,36.3,0,0,0,0,0.81,0,Mud
958,SA117.050919,2019,UOG,55.44745,-5.091583,8.85,0.77,0,0,0,0,0,Algae
959,SA118.050919,2019,UOG,55.450667,-5.0828,19.1,0.02,0.06,0.12,0.35,0,0,Sand
960,SA119.050919,2019,UOG,55.4437,-5.0842,35.6,0,0,0,0,0.69,0,Mud
961,SA120.060919,2019,UOG,55.51145,-5.067683,11.5,0.09,0.04,0.61,0,0,0,Gravel
962,SA121.060919,2019,UOG,55.514167,-5.073667,17.4,0.02,0.04,0.08,0.34,0,0,Sand
963,SA122.060919,2019,UOG,55.516183,-5.08085,36.9,0,0,0,0,0.45,0,Mud
964,SA123.060919,2019,UOG,55.5111,-5.0828,7.44,0.37,0,0,0.57,0,0,Sand
965,SA124.060919,2019,UOG,55.51375,-5.092833,16.3,0,0,0,0.67,0,0,Sand
966,SA125.060919,2019,UOG,55.526583,-5.096683,37.2,0,0,0,0,0.36,0,Mud
967,SA126.060919,2019,UOG,55.532217,-5.123383,8.6,0,0,0,0.87,0,0,Sand
968,SA127.060919,2019,UOG,55.5296,-5.090933,17.9,0,0,0,0.52,0,0,Sand
969,SA128.060919,2019,UOG,55.527067,-5.109883,37.8,0,0,0,0,0.42,0,Mud
970,SA.C1.040613.1b,2013,UOG,55.5397,-5.0882,7.5,0,0.05,0.33,0,0,0,Gravel
971,SA.C2.040613.2,2013,UOG,55.4763,-5.083767,8.3,0.12,0,0,0.2,0,0,Sand
972,SA.C5.050613.3,2013,UOG,55.4280167,-5.223817,17,0.48,0,0,0,0,0,Algae
973,SA.C5.050613.4,2013,UOG,55.4253,-5.221967,27,0.08,0,0.19,0,0,0,Gravel
974,SA.C1.070613.1,2013,UOG,55.5327667,-5.113933,27,0,0.08,0.15,0,0,0,Gravel
975,SA.C2.150713.F1.1,2013,UOG,55.4665,-5.08005,10.3,0.46,0,0,0,0,0,Algae
976,SA.C5.150713.F3.2,2013,UOG,55.4354167,-5.249533,8.5,0.89,0,0,0,0,0,Algae
977,SA.C5.150713.F1.3,2013,UOG,55.4302,-5.217483,12.8,0.49,0,0,0,0,0,Algae
978,SA.C3.150713.F1.4,2013,UOG,55.4200333,-5.118733,17.2,0.24,0.19,0.2,0,0,0,Algae
979,SA.C5.150713.F3.5,2013,UOG,55.4351,-5.275117,10.7,0.23,0,0.57,0,0,0,Gravel
980,SA.C2.150713.F1.6,2013,UOG,55.4721,-5.081617,6,0,0,0,0.14,0,0.27,Seagrass
981,SA.C6.160713.F3.1,2013,UOG,55.4480833,-5.303683,9.7,0.85,0,0,0,0,0,Algae
982,SA.C7.160713.F1.2,2013,UOG,55.4954333,-5.348767,15.4,0,0.12,0.76,0,0,0,Gravel
983,SA.C6.160713.F3.3,2013,UOG,55.4487,-5.317783,15.4,0.59,0,0.24,0,0,0,Algae
984,SA.C7.160713.F1.4,2013,UOG,55.4819167,-5.343067,14.4,0.03,0.12,0.73,0,0,0,Gravel
985,SA.C3.160713.F1.5,2013,UOG,55.41405,-5.133717,14.7,0.55,0,0.16,0,0,0,Algae
986,SA.C2.160713.F1.6,2013,UOG,55.4900167,-5.090633,5,0.04,0,0,0.18,0,0.48,Seagrass
987,SA.C5.180713.F1.1,2013,UOG,55.42445,-5.185283,29.1,0.02,0.11,0,0.62,0,0,Sand
988,SA.C5.180713.F3.2,2013,UOG,55.4280167,-5.223917,19.5,0,0.32,0.19,0.12,0,0,Pebble
989,SA.C5.180713.F1.3,2013,UOG,55.4301,-5.185233,9.3,0.72,0,0,0,0,0,Algae
990,SA.C4.180713.F3.4,2013,UOG,55.4378,-5.101117,11.7,0.19,0,0.76,0,0,0,Gravel
991,SA.C4.180713.F1.5,2013,UOG,55.4538333,-5.08085,13.3,0.2,0.09,0.63,0,0,0,Gravel
992,SA.C1.180713.F1.6,2013,UOG,55.5062833,-5.064833,11.2,0.16,0,0.55,0,0,0,Gravel
993,SA.C1.180713.F3.7,2013,UOG,55.5418,-5.086817,13.6,0.26,0.06,0.46,0,0,0,Gravel
994,SA.C1.180713.F1.8,2013,UOG,55.5337333,-5.094217,15.5,0.05,0,0,0.77,0,0,Sand
995,SA.C3.5.310713.F2.1,2013,UOG,55.4350667,-5.130917,14.9,0.62,0.08,0.05,0.12,0,0,Algae
996,SA.C4.310713.F3.2,2013,UOG,55.4343833,-5.106167,12,0.57,0,0,0,0,0,Algae
997,SA.C3.310713.F2.3,2013,UOG,55.4140167,-5.131367,13,0.76,0,0,0,0,0,Algae
998,SA.C5.310713.F3.4,2013,UOG,55.4269833,-5.1916,18.1,0.21,0.29,0.24,0.04,0,0,Pebble
999,SA.HI.310713.F3.5,2013,UOG,55.5131,-5.057067,17,0.08,0.27,0.42,0,0,0,Gravel
1000,SA.HI.310713.F2.6,2013,UOG,55.5276,-5.066717,12,0.07,0,0,0.76,0,0,Sand
1001,SA.C5.120813.F1.1,2013,UOG,55.4331333,-5.252033,12,0,0,0.49,0,0,0,Gravel
1002,SA.C5.6.120813.F3.2,2013,UOG,55.4354,-5.274667,14,0.87,0,0.04,0,0,0,Algae
1003,SA.C5.120813.F1.3,2013,UOG,55.4324,-5.243567,10,0.88,0,0,0,0,0,Algae
1004,SA.C6.120813.F3.4,2013,UOG,55.4484,-5.30305,10.4,0.93,0,0,0,0,0,Algae
1005,SA.C6.120813.F1.5,2013,UOG,55.45035,-5.3108,10,0.69,0,0,0,0,0,Algae
1006,SA.HI.130813.F1.1,2013,UOG,55.5122833,-5.057733,14.5,0.17,0.17,0.44,0,0,0,Gravel
1007,SA.C1.130813.F3.2,2013,UOG,55.5443,-5.084167,12.5,0.14,0.13,0.31,0.13,0,0,Gravel
1008,SA.HI.130813.F1.3,2013,UOG,55.5179,-5.0594,6.5,0,0.09,0.29,0,0,0,Gravel
1009,SA.N.C1.130813.F3.4,2013,UOG,55.5567833,-5.088033,9.6,0.18,0,0.14,0.45,0,0,Sand
1010,SA.C1.130813.F1.5,2013,UOG,55.5367667,-5.089767,18.6,0.11,0.07,0.17,0.43,0,0,Sand
1011,SA.N.C1.130813.F3.6,2013,UOG,55.5626833,-5.087967,18.8,0.28,0.12,0.19,0.29,0,0,Sand
1012,SA.C1.130813.F1.7,2013,UOG,55.5430833,-5.09775,8.7,0.62,0.19,0,0,0,0,Algae
1013,SA.C2.130813.F3.8,2013,UOG,55.5001,-5.085517,5.5,0,0,0.35,0.53,0,0,Sand
1014,SA.C7.260813.F1.1,2013,UOG,55.5050333,-5.357783,10.6,0.74,0,0,0,0,0,Algae
1015,SA.C7.260813.F3.2,2013,UOG,55.4875,-5.33965,12,0.82,0,0,0,0,0,Algae
1016,SA.C6.7.260813.F3.3,2013,UOG,55.4694167,-5.329867,12,0.82,0,0,0,0,0,Algae
1017,SA.C6.260813.F1.4,2013,UOG,55.4451333,-5.326467,16,0.77,0.03,0,0.02,0,0,Algae
1018,SA.C5.6.260813.F1.5,2013,UOG,55.4337,-5.260967,11,0.3,0,0,0,0,0,Algae
1019,SA.C5.260813.F3.6,2013,UOG,55.4309333,-5.23375,11.6,0.83,0,0,0,0,0,Algae
1020,SA.C4.260813.F1.7,2013,UOG,55.4483333,-5.0888,11.8,0.69,0,0,0,0,0,Algae
1021,SA.C2.260813.F3.8,2013,UOG,55.4700833,-5.080017,5.6,0,0,0,0.18,0,0.76,Seagrass
1022,SA.C7.250913.F1.1,2013,UOG,55.48185,-5.34295,14.7,0.06,0.15,0.5,0,0,0,Gravel
1023,SA.C7.250913.F3.1,2013,UOG,55.4962,-5.345833,11.8,0.68,0.06,0.1,0,0,0,Algae
1024,SA.C6.7.250913.F3.2,2013,UOG,55.4699167,-5.32905,11.7,0.81,0.12,0,0,0,0,Algae
1025,SA.C6.250913.F1.2,2013,UOG,55.44805,-5.322867,19.6,0,0,0.73,0,0,0,Gravel
1026,SA.C6.250913.F1.3,2013,UOG,55.44315,-5.3031,13.8,0.63,0.22,0.03,0,0,0,Algae
1027,SA.C5.6.250913.F3.3,2013,UOG,55.4391333,-5.2807,13.8,0.81,0.12,0,0,0,0,Algae
1028,SA.F1.300614.C4.1,2014,UOG,55.41575,-5.227416667,42,0,0,0,0,0.45,0,Mud
1029,SA.F3.300614.C4.2,2014,UOG,55.42066667,-5.219533333,34,0,0,0,0,0.6,0,Mud
1030,SA.F2.300614.C4.3,2014,UOG,55.41761667,-5.2121,40,0,0,0,0,0.51,0,Mud
1031,SA.F1.300614.C4.4,2014,UOG,55.4173,-5.2278,40,0,0,0,0,0.29,0,Mud
1032,SA.F3.300614.C4.5,2014,UOG,55.424,-5.207966667,30.9,0,0,0,0,0.54,0,Mud
1033,SA.F2.300614.C4.6,2014,UOG,55.41493333,-5.201716667,45,0,0,0,0,0.54,0,Mud
1034,SA.F2.010714.C3.1,2014,UOG,55.41806667,-5.146966667,29.7,0.18,0.04,0.19,0.14,0,0,Gravel
1035,SA.F3.010714.C3.2,2014,UOG,55.42968333,-5.16765,22.8,0.27,0.1,0.36,0,0,0,Gravel
1036,SA.F1.010714.C3.3,2014,UOG,55.43226667,-5.156066667,18.9,0.03,0.16,0.28,0,0,0,Gravel
1037,SA.F2.010714.C3.4,2014,UOG,55.41801667,-5.155333333,30,0,0.21,0.32,0,0,0,Gravel
1038,SA.F3.010714.C3.5,2014,UOG,55.4336,-5.162283333,15.3,0.14,0.16,0.44,0,0,0,Gravel
1039,SA.F1.010714.C3.6,2014,UOG,55.4337,-5.14845,19.4,0,0.27,0.24,0,0,0,Pebble
1040,SA.F1.010714.C3.7,2014,UOG,55.42545,-5.108966667,29.9,0,0.12,0.03,0.42,0,0,Sand
1041,SA.F3.010714.C3.8,2014,UOG,55.42861667,-5.11095,20.3,0,0.16,0.59,0.02,0,0,Gravel
1042,SA.F2.010714.C3.9,2014,UOG,55.43581667,-5.103616667,13.2,0.1,0.34,0.31,0,0,0,Pebble
1043,SA.F1.010714.C3.10,2014,UOG,55.43171667,-5.097433333,16.6,0.58,0,0,0,0,0,Algae
1044,SA.F3.010714.C3.11,2014,UOG,55.43595,-5.09865,26.4,0,0.05,0.57,0,0,0,Gravel
1045,SA.F2.010714.C3.12,2014,UOG,55.44106667,-5.094783333,17.4,0.17,0.08,0.41,0,0,0,Gravel
1046,SA.F2.030714.C1.1,2014,UOG,55.56261667,-5.081383333,38.4,0,0,0,0,0.42,0,Mud
1047,SA.F1.030714.C1.2,2014,UOG,55.55808333,-5.079016667,34.2,0,0,0,0,0.56,0,Mud
1048,SA.F3.030714.C1.3,2014,UOG,55.56026667,-5.073416667,19.7,0,0.06,0.29,0.29,0,0,Gravel
1049,SA.F2.030714.C1.4,2014,UOG,55.55741667,-5.074066667,35.8,0,0,0,0,0.51,0,Mud
1050,SA.F1.030714.C1.5,2014,UOG,55.55333333,-5.07745,32.8,0,0.09,0,0,0.47,0,Mud
1051,SA.F3.030714.C1.6,2014,UOG,55.55466667,-5.06685,23,0,0.19,0,0,0.18,0,Pebble
1052,SA.F3.030714.C1.7,2014,UOG,55.54341667,-5.087083333,21.3,0,0.14,0.9,0.34,0,0,Gravel
1053,SA.F2.030714.C1.9,2014,UOG,55.54141667,-5.093366667,24.1,0,0,0,0,0.51,0,Mud
1054,SA.F3.030714.C1.10,2014,UOG,55.5393,-5.087266667,20.6,0,0.06,0.45,0.25,0,0,Gravel
1055,SA.F1.030714.C1.11,2014,UOG,55.53695,-5.09775,30.4,0,0,0,0,0.36,0,Mud
1056,SA.F2.030714.C1.12,2014,UOG,55.5361,-5.089833333,9.6,0.59,0.06,0.05,0.04,0,0,Algae
1057,SA.F2.070714.C2.1,2014,UOG,55.4921,-5.087483333,8.7,0.13,0,0,0.66,0,0,Sand
1058,SA.F1.070714.C2.2,2014,UOG,55.48388333,-5.088416667,6.1,0,0,0,0.57,0,0,Sand
1059,SA.F3.070714.C2.3,2014,UOG,55.48803333,-5.0827,26,0,0,0,0,0.47,0,Mud
1060,SA.F2.070714.C2.4,2014,UOG,55.47591667,-5.0833,4.2,0.03,0,0,0.73,0,0,Sand
1061,SA.F1.070714.C2.5,2014,UOG,55.47918333,-5.08435,4.1,0.03,0,0,0.71,0,0,Sand
1062,SA.F3.070714.C2.6,2014,UOG,55.47901667,-5.076233333,31,0,0,0,0,0.41,0,Mud
1063,SA.F3.070714.C2.7,2014,UOG,55.50026667,-5.075033333,30.6,0,0,0,0,0.47,0,Mud
1064,SA.F1.070714.C2.8,2014,UOG,55.50488333,-5.069566667,19.8,0,0.16,0.42,0,0,0,Gravel
1065,SA.F2.070714.C2.9,2014,UOG,55.5093,-5.066833333,11.9,0.47,0,0.2,0.02,0,0,Algae
1066,SA.F2.070714.C1.10,2014,UOG,55.52496667,-5.060483333,31.7,0,0.5,0,0.25,0,0,Pebble
1067,SA.F1.070714.C1.11,2014,UOG,55.5303,-5.069116667,22,0,0.29,0.22,0,0,0,Pebble
1068,SA.F3.070714.C1.12,2014,UOG,55.52831667,-5.063233333,44.6,0,0,0,0,0.38,0,Mud
1069,SA.F1.280714.C4.1,2014,UOG,55.42908333,-5.1771,16.6,0,0.18,0.47,0,0,0,Gravel
1070,SA.F2.280714.C4.2,2014,UOG,55.4271,-5.187633333,19.2,0.03,0.19,0.53,0,0,0,Gravel
1071,SA.F3.280714.C4.3,2014,UOG,55.42913333,-5.19655,14.7,0.39,0,0,0,0,0,Algae
1072,SA.F3.280714.C4.4,2014,UOG,55.42978333,-5.2114,15.6,0.81,0,0,0,0,0,Algae
1073,SA.F2.280714.C4.5,2014,UOG,55.43031667,-5.22175,11.6,0.89,0,0,0,0,0,Algae
1074,SA.F1.280714.C4.6,2014,UOG,55.4263,-5.2224,26,0,0.12,0.46,0.06,0,0,Gravel
1075,SA.F1.280714.C4.7,2014,UOG,55.42493333,-5.179583333,29.2,0,0.08,0,0.38,0,0,Sand
1076,SA.F2.280714.C4.8,2014,UOG,55.4273,-5.167466667,31.1,0,0.15,0.08,0.5,0,0,Sand
1077,SA.F3.280714.C3.9,2014,UOG,55.43316667,-5.163883333,16.5,0.09,0.44,0.23,0,0,0,Pebble
1078,SA.F3.280714.C3.10,2014,UOG,55.43511667,-5.155183333,16.6,0.06,0.24,0.55,0,0,0,Gravel
1079,SA.F2.280714.C3.11,2014,UOG,55.43138333,-5.1479,21.8,0.14,0.2,0.38,0,0,0,Gravel
1080,SA.F1.280714.C3.12,2014,UOG,55.42725,-5.153133333,28.6,0,0.04,0.05,0.42,0,0,Sand
1081,SA.F1.290714.C2.1,2014,UOG,55.5001,-5.085516667,4.2,0.07,0,0,0.66,0,0,Sand
1082,SA.F2.290714.C2.2,2014,UOG,55.49551667,-5.08835,5.6,0.07,0.01,0,0.76,0,0,Sand
1083,SA.F3.290714.C2.3,2014,UOG,55.49033333,-5.090616667,4.3,0.12,0.02,0,0.18,0,0.59,Seagrass
1084,SA.F3.290714.C2.4,2014,UOG,55.48496667,-5.089516667,4.3,0,0,0,0.86,0,0,Sand
1085,SA.F2.290714.C2.5,2014,UOG,55.47618333,-5.084166667,5.5,0,0,0,0.73,0,0.21,Sand
1086,SA.F1.290714.C2.6,2014,UOG,55.4721,-5.081616667,5.4,0.05,0,0,0.49,0,0.37,Sand
1087,SA.F1.290714.C2.7,2014,UOG,55.50385,-5.0651,22.5,0.05,0.08,0.28,0,0,0,Gravel
1088,SA.F2.290714.C2.8,2014,UOG,55.50805,-5.066716667,19.3,0.16,0.19,0.28,0,0,0,Gravel
1089,SA.F3.290714.C2.9,2014,UOG,55.50893333,-5.059016667,21.4,0.13,0.9,0.53,0,0,0,Gravel
1090,SA.F1.290714.C2.10,2014,UOG,55.50348333,-5.06735,22.9,0.02,0.36,0,0.29,0,0,Pebble
1091,SA.F2.290714.C2.11,2014,UOG,55.5088,-5.070066667,28.9,0.17,0.14,0.19,0,0,0,Gravel
1092,SA.F3.290714.C2.12,2014,UOG,55.50981667,-5.061716667,10.6,0.67,0.03,0.13,0,0,0,Algae
1093,SA.F2.310714.C3.1,2014,UOG,55.44038333,-5.098683333,12.4,0.12,0.12,0.54,0,0,0,Gravel
1094,SA.F3.310714.C3.2,2014,UOG,55.44258333,-5.08985,14,0.29,0.13,0.09,0.46,0,0,Sand
1095,SA.F1.310714.C3.3,2014,UOG,55.44411667,-5.08135,42.2,0,0,0,0,0.49,0,Mud
1096,SA.F1.310714.C3.4,2014,UOG,55.4503,-5.086283333,10.8,0.45,0,0.15,0,0,0,Algae
1097,SA.F3.310714.C3.5,2014,UOG,55.45196667,-5.077666667,31.3,0.02,0.03,0,0.45,0,0,Sand
1098,SA.F2.310714.C3.6,2014,UOG,55.4569,-5.07655,20.6,0.16,0.08,0.37,0,0,0,Gravel
1099,SA.F1.310714.C3.7,2014,UOG,55.45135,-5.085183333,13.9,0.36,0.05,0.26,0,0,0,Algae
1100,SA.F3.310714.C3.8,2014,UOG,55.4538,-5.076066667,34.5,0,0,0,0,0.44,0,Mud
1101,SA.F2.310714.C3.9,2014,UOG,55.45906667,-5.073616667,19.3,0.19,0.08,0.12,0.23,0,0,Sand
1102,SA.F2.310714.C2.10,2014,UOG,55.46858333,-5.075216667,26.7,0.14,0.04,0.03,0.34,0,0,Sand
1103,SA.F1.310714.C2.11,2014,UOG,55.4741,-5.080483333,24.6,0.06,0,0,0.55,0,0,Sand
1104,SA.F3.310714.C2.12,2014,UOG,55.47663333,-5.07415,36.3,0,0,0,0,0.54,0,Mud
1105,SA.F2.010814.C1.1,2014,UOG,55.55403333,-5.075283333,42.2,0,0,0,0,0.49,0,Mud
1106,SA.F3.010814.C1.2,2014,UOG,55.54815,-5.0743,21.3,0.03,0.11,0.14,0.36,0,0,Sand
1107,SA.F1.010814.C1.3,2014,UOG,55.55123333,-5.079916667,17.6,0.08,0.24,0.41,0,0,0,Gravel
1108,SA.F2.010814.C1.4,2014,UOG,55.54223333,-5.097283333,15.7,0,0.07,0.23,0.42,0,0,Sand
1109,SA.F3.010814.C1.5,2014,UOG,55.53496667,-5.096333333,20.8,0.14,0.03,0.16,0.46,0,0,Sand
1110,SA.F1.010814.C1.6,2014,UOG,55.53823333,-5.0913,25.9,0.13,0.12,0.41,0.09,0,0,Gravel
1111,SA.F2.010814.C1.7,2014,UOG,55.5434,-5.070633333,33,0,0,0,0,0.43,0,Mud
1112,SA.F3.010814.C1.8,2014,UOG,55.5449,-5.079533333,17.6,0,0.27,0.42,0.11,0,0,Gravel
1113,SA.F1.010814.C1.9,2014,UOG,55.53956667,-5.078316667,7.4,0.7,0.06,0.08,0,0,0,Algae
1114,SA.F2.010814.C1.10,2014,UOG,55.5361,-5.07335,7.2,0.56,0,0.07,0,0,0,Algae
1115,SA.F3.010814.C1.11,2014,UOG,55.53455,-5.06695,20.9,0.11,0.06,0.16,0.26,0,0,Sand
1116,SA.F1.010814.C1.12,2014,UOG,55.5368,-5.061616667,29.5,0.82,0,0,0,0,0,Algae
1117,SA.F1.260814.C1.1,2014,UOG,55.54351667,-5.084633333,18.7,0.02,0.07,0.49,0.12,0,0,Gravel
1118,SA.F2.260814.C1.2,2014,UOG,55.54555,-5.0899,15,0.72,0,0,0.15,0,0,Algae
1119,SA.F3.260814.C1.3,2014,UOG,55.54226667,-5.0955,21.1,0,0.06,0.12,0.52,0,0,Sand
1120,SA.F3.260814.C1.4,2014,UOG,55.53788333,-5.097833333,30,0,0.02,0,0,0.58,0,Mud
1121,SA.F2.260814.C1.5,2014,UOG,55.53473333,-5.0928,16.6,0.02,0.03,0.37,0.37,0,0,Gravel
1122,SA.F1.260814.C1.6,2014,UOG,55.53815,-5.087083333,21.3,0.04,0.3,0.4,0,0,0,Gravel
1123,SA.F1.260814.C1.7,2014,UOG,55.54488333,-5.074433333,21,0,0.02,0.15,0.43,0,0,Sand
1124,SA.F2.260814.C1.8,2014,UOG,55.54753333,-5.080083333,10.8,0.39,0.08,0.34,0,0,0,Algae
1125,SA.F3.260814.C1.9,2014,UOG,55.55128333,-5.073716667,45,0,0,0,0,0.47,0,Mud
1126,SA.F3.260814.C1.10,2014,UOG,55.5669,-5.08735,36.7,0,0,0,0,0.55,0,Mud
1127,SA.F1.260814.C1.11,2014,UOG,55.56268333,-5.094183333,13.3,0.07,0.14,0.26,0.13,0,0,Gravel
1128,SA.F2.260814.C1.12,2014,UOG,55.56753333,-5.0982,25.8,0,0.06,0.39,0.15,0,0,Gravel
1129,SA.F2.270814.C2.1,2014,UOG,55.46811667,-5.077366667,6.1,0.18,0.04,0.72,0,0,0,Gravel
1130,SA.F3.270814.C2.2,2014,UOG,55.4653,-5.0729,24.9,0,0,0.42,0.11,0,0,Gravel
1131,SA.F1.270814.C2.3,2014,UOG,55.47023333,-5.069783333,29.2,0,0,0.03,0,0.38,0,Mud
1132,SA.F1.270814.C2.4,2014,UOG,55.47321667,-5.073233333,30.9,0,0.03,0,0,0.38,0,Mud
1133,SA.F3.270814.C2.5,2014,UOG,55.47018333,-5.0799,4.7,0,0,0,0,0,0.85,Seagrass
1134,SA.F2.270814.C2.6,2014,UOG,55.47298333,-5.0824,4.3,0,0.02,0,0.35,0,0.57,Seagrass
1135,SA.F2.270814.C2.7,2014,UOG,55.49698333,-5.087283333,6.6,0.16,0,0,0.27,0,0.49,Seagrass
1136,SA.F1.270814.C2.8,2014,UOG,55.5008,-5.081966667,8.4,0.51,0.04,0.14,0,0,0,Algae
1137,SA.F3.270814.C2.9,2014,UOG,55.49865,-5.076866667,30.1,0,0,0,0,0.61,0,Mud
1138,SA.F3.270814.C2.10,2014,UOG,55.5149,-5.05745,13,0,0.07,0.73,0,0,0,Gravel
1139,SA.F2.270814.C2.11,2014,UOG,55.51723333,-5.0552,41.4,0,0,0,0,0.51,0,Mud
1140,SA.F1.270814.C2.12,2014,UOG,55.5194,-5.05915,15.6,0.18,0.23,0.23,0,0,0,Gravel
1141,SA.F1.010914.C4.1,2014,UOG,55.42756667,-5.20395,17.7,0.07,0.2,0.29,0,0,0,Gravel
1142,SA.F2.010914.C4.2,2014,UOG,55.43028333,-5.210616667,11.4,0.81,0,0,0,0,0,Algae
1143,SA.F3.010914.C4.3,2014,UOG,55.42636667,-5.213616667,22.3,0.04,0.17,0.25,0.13,0,0,Gravel
1144,SA.F3.010914.C4.4,2014,UOG,55.42546667,-5.19215,20.9,0,0.14,0.18,0.04,0,0,Gravel
1145,SA.F2.010914.C4.5,2014,UOG,55.42875,-5.183466667,16.8,0.26,0.18,0.12,0,0,0,Algae
1146,SA.F1.010914.C4.6,2014,UOG,55.4319,-5.1766,12.9,0.8,0,0,0,0,0,Algae
1147,SA.F3.010914.C4.7,2014,UOG,55.42308333,-5.193516667,31.8,0,0.06,0.12,0.48,0,0,Sand
1148,SA.F1.010914.C4.8,2014,UOG,55.4198,-5.1856,36.7,0,0,0,0,0.41,0,Mud
1149,SA.F2.010914.C4.9,2014,UOG,55.41513333,-5.19025,42.2,0,0,0,0,0.45,0,Mud
1150,SA.F2.010914.C4.10,2014,UOG,55.4266,-5.1487,29.1,0,0,0.09,0.41,0,0,Sand
1151,SA.F1.010914.C3.11,2014,UOG,55.42971667,-5.13575,20.2,0,0.06,0.55,0,0,0,Gravel
1152,SA.F3.020914.C3.1,2014,UOG,55.4296,-5.11525,9.1,0.7,0,0.12,0,0,0,Algae
1153,SA.F1.020914.C3.2,2014,UOG,55.43398333,-5.113333333,6.1,0.58,0,0.18,0,0,0,Algae
1154,SA.F2.020914.C3.3,2014,UOG,55.4378,-5.10685,6.2,0.91,0,0,0,0,0,Algae
1155,SA.F2.020914.C3.4,2014,UOG,55.43146667,-5.1014,27.4,0,0.08,0.17,0.45,0,0,Sand
1156,SA.F3.020914.C3.5,2014,UOG,55.43421667,-5.095033333,33.7,0,0,0,0.46,0,0,Sand
1157,SA.F1.020914.C3.6,2014,UOG,55.43596667,-5.086566667,35.7,0,0,0,0.37,0,0,Sand
1158,SA.F1.020914.C3.7,2014,UOG,55.43925,-5.078416667,47.2,0,0,0,0,0.48,0,Mud
1159,SA.F2.020914.C3.8,2014,UOG,55.44485,-5.079616667,41.5,0,0,0,0,0.51,0,Mud
1160,SA.F3.020914.C3.9,2014,UOG,55.4498,-5.076716667,40.7,0,0,0,0,0.45,0,Mud
1161,SA.F3.020914.C3.10,2014,UOG,55.44851667,-5.08865,10.5,0.86,0,0,0,0,0,Algae
1162,SA.F1.020914.C3.11,2014,UOG,55.45291667,-5.082766667,11.2,0.19,0,0,0.52,0,0,Sand
1163,SA.F2.020914.C3.12,2014,UOG,55.45726667,-5.076866667,15.3,0.07,0.21,0.12,0.23,0,0,Sand
1164,SA.F2.150914.C3.1,2014,UOG,55.43225,-5.111933333,9.9,0.51,0.29,0.04,0,0,0,Algae
1165,SA.F3.150914.C3.2,2014,UOG,55.42775,-5.113633333,12.5,0.61,0.03,0.29,0,0,0,Algae
1166,SA.F1.150914.C3.3,2014,UOG,55.42665,-5.1058,27.2,0,0.08,0.08,0.42,0,0,Sand
1167,SA.F1.150914.C4.4,2014,UOG,55.42741667,-5.125633333,8.3,0.7,0.17,0,0,0,0,Algae
1168,SA.F2.150914.C4.5,2014,UOG,55.43161667,-5.12885,12.7,0.64,0.12,0.16,0,0,0,Algae
1169,SA.F3.150914.C4.6,2014,UOG,55.43583333,-5.127116667,9.6,0.66,0.09,0.28,0,0,0,Algae
1170,SA.F3.150914.C4.7,2014,UOG,55.43795,-5.135966667,9.8,0.92,0,0,0,0,0,Algae
1171,SA.F1.150914.C4.8,2014,UOG,55.43465,-5.1439,15.5,0.04,0.03,0.52,0,0,0,Gravel
1172,SA.F2.150914.C4.9,2014,UOG,55.429,-5.142033333,22.3,0,0.13,0.03,0.39,0,0,Sand
1173,SA.F2.150914.C3.10,2014,UOG,55.42583333,-5.099766667,33.8,0.01,0.03,0.08,0.31,0,0,Sand
1174,SA.F3.150914.C3.11,2014,UOG,55.4307,-5.104266667,27.6,0,0.12,0.17,0.54,0,0,Sand
1175,SA.F1.150914.C3.12,2014,UOG,55.43568333,-5.10775,10.4,0.26,0.34,0.25,0,0,0,Pebble
1176,SA.F1.160914.C4.1,2014,UOG,55.42025,-5.225316667,35.2,0,0,0,0,0.53,0,Mud
1177,SA.F2.160914.C4.2,2014,UOG,55.42645,-5.2232,24.8,0,0.25,0.18,0.21,0,0,Pebble
1178,SA.F3.160914.C4.3,2014,UOG,55.43055,-5.218666667,10.5,0.83,0.08,0,0,0,0,Algae
1179,SA.F3.160914.C4.4,2014,UOG,55.42995,-5.199033333,12.1,0.73,0,0.03,0,0,0,Algae
1180,SA.F2.160914.C4.5,2014,UOG,55.42511667,-5.1998,24.1,0,0.5,0.23,0.09,0,0,Pebble
1181,SA.F1.160914.C4.6,2014,UOG,55.4195,-5.203,39.9,0,0,0,0,0.58,0,Mud
1182,SA.F1.160914.C4.7,2014,UOG,55.41601667,-5.18005,41.3,0,0,0,0,0.54,0,Mud
1183,SA.F3.160914.C4.8,2014,UOG,55.4214,-5.1796,34.5,0,0.05,0.04,0.41,0,0,Sand
1184,SA.F2.160914.C4.9,2014,UOG,55.42686667,-5.17995,23.5,0,0,0.85,0,0,0,Gravel
1185,SA.F2.160914.C4.10,2014,UOG,55.44488333,-5.094383333,10.6,0.92,0,0,0,0,0,Algae
1186,SA.F3.160914.C4.11,2014,UOG,55.44596667,-5.087316667,19.9,0,0.07,0.43,0.21,0,0,Gravel
1187,SA.F1.160914.C4.12,2014,UOG,55.44191667,-5.084516667,37.6,0.02,0,0,0.6,0,0,Sand
1188,SA.F3.170914.C2.1,2014,UOG,55.47453333,-5.069266667,41.1,0,0,0,0,0.47,0,Mud
1189,SA.F2.170914.C2.2,2014,UOG,55.46965,-5.074083333,28.9,0.07,0.06,0,0.59,0,0,Sand
1190,SA.F1.170914.C2.3,2014,UOG,55.47201667,-5.0816,5.6,0,0,0,0.15,0,0.68,Seagrass
1191,SA.F3.170914.C2.4,2014,UOG,55.47255,-5.071583333,32.8,0,0.02,0,0,0.43,0,Mud
1192,SA.F2.170914.C2.5,2014,UOG,55.46873333,-5.07895,5.1,0,0,0,0.09,0,0.83,Seagrass
1193,SA.F1.170914.C2.7,2014,UOG,55.48806667,-5.089866667,5.2,0.05,0,0,0.73,0,0.06,Sand
1194,SA.F3.170914.C2.8,2014,UOG,55.49371667,-5.088366667,5.7,0.02,0,0,0.9,0,0,Sand
1195,SA.F2.170914.C2.9,2014,UOG,55.49883333,-5.086566667,4.9,0.18,0,0,0.22,0,0.63,Seagrass
1196,SA.F2.170914.C2.10,2014,UOG,55.50441667,-5.078916667,12.8,0.04,0,0.09,0.78,0,0,Sand
1197,SA.F3.170914.C2.11,2014,UOG,55.50605,-5.064033333,13,0.19,0.11,0.22,0.16,0,0,Gravel
1198,SA.F1.170914.C2.12,2014,UOG,55.50741667,-5.07,31.5,0.04,0.18,0.08,0.28,0,0,Sand
1199,SA.F1.180914.C1.1,2014,UOG,55.56518333,-5.083266667,37.2,0,0,0,0,0.5,0,Mud
1200,SA.F2.180914.C1.2,2014,UOG,55.56195,-5.08825,21.7,0,0.08,0.52,0,0,0,Gravel
1201,SA.F3.180914.C1.3,2014,UOG,55.55576667,-5.085466667,23.2,0,0.07,0.59,0.06,0,0,Gravel
1202,SA.F3.180914.C1.4,2014,UOG,55.54328333,-5.0814,12.2,0.67,0,0.28,0,0,0,Algae
1203,SA.F1.180914.C1.5,2014,UOG,55.54628333,-5.0853,6.1,0.84,0,0,0,0,0,Algae
1204,SA.F2.180914.C1.6,2014,UOG,55.53815,-5.084283333,10.8,0.15,0.26,0.43,0,0,0,Gravel
1205,SA.F2.180914.C1.7,2014,UOG,55.53295,-5.090866667,14.6,0.14,0.07,0,0.62,0,0,Sand
1206,SA.F3.180914.C1.8,2014,UOG,55.53701667,-5.09595,26.2,0,0.04,0.02,0.64,0,0,Sand
1207,SA.F1.180914.C1.9,2014,UOG,55.5401,-5.102533333,10.2,0.32,0.35,0.04,0,0,0,Pebble
1208,SA.F1.180914.C1.10,2014,UOG,55.53855,-5.0832,46,0,0,0,0,0.44,0,Mud
1209,SA.F2.180914.C1.11,2014,UOG,55.53513333,-5.06155,30.4,0.02,0.05,0,0.75,0,0,Sand
1210,SA.F3.180914.C1.12,2014,UOG,55.53348333,-5.07015,16.7,0.11,0.21,0.4,0.09,0,0,Gravel
